latitude,longitude,capacit√© thermique
-87.0,-177.0,2.028091625e+16
-87.0,-171.0,2.03826975e+16
-87.0,-165.0,2.043562375e+16
-87.0,-159.0,2.0211705e+16
-87.0,-153.0,2.0004071250000004e+16
-87.0,-147.0,2e+16
-87.0,-141.0,2e+16
-87.0,-135.0,2e+16
-87.0,-129.0,2e+16
-87.0,-123.0,2e+16
-87.0,-117.0,2e+16
-87.0,-111.0,2e+16
-87.0,-105.0,2e+16
-87.0,-99.0,2e+16
-87.0,-93.0,2e+16
-87.0,-87.0,2e+16
-87.0,-81.0,2e+16
-87.0,-75.0,2e+16
-87.0,-69.0,2e+16
-87.0,-63.0,2e+16
-87.0,-57.0,2e+16
-87.0,-51.0,2e+16
-87.0,-45.0,2e+16
-87.0,-39.0,2e+16
-87.0,-33.0,2e+16
-87.0,-27.0,2e+16
-87.0,-21.0,2e+16
-87.0,-15.0,2e+16
-87.0,-9.0,2e+16
-87.0,-3.0,2e+16
-87.0,3.0,2e+16
-87.0,9.0,2e+16
-87.0,15.0,2e+16
-87.0,21.0,2e+16
-87.0,27.0,2e+16
-87.0,33.0,2e+16
-87.0,39.0,2e+16
-87.0,45.0,2e+16
-87.0,51.0,2e+16
-87.0,57.0,2e+16
-87.0,63.0,2e+16
-87.0,69.0,2e+16
-87.0,75.0,2e+16
-87.0,81.0,2e+16
-87.0,87.0,2e+16
-87.0,93.0,2e+16
-87.0,99.0,2e+16
-87.0,105.0,2e+16
-87.0,111.0,2e+16
-87.0,117.0,2e+16
-87.0,123.0,2e+16
-87.0,129.0,2e+16
-87.0,135.0,2e+16
-87.0,141.0,2e+16
-87.0,147.0,2e+16
-87.0,153.0,2e+16
-87.0,159.0,2e+16
-87.0,165.0,2e+16
-87.0,171.0,2e+16
-87.0,177.0,2.00569975e+16
-81.0,-177.0,2.4067178750000004e+16
-81.0,-171.0,2.389618625e+16
-81.0,-165.0,2.340763625e+16
-81.0,-159.0,2.330992625e+16
-81.0,-153.0,2.16692125e+16
-81.0,-147.0,2.018320625e+16
-81.0,-141.0,2e+16
-81.0,-135.0,2e+16
-81.0,-129.0,2e+16
-81.0,-123.0,2e+16
-81.0,-117.0,2e+16
-81.0,-111.0,2e+16
-81.0,-105.0,2e+16
-81.0,-99.0,2e+16
-81.0,-93.0,2e+16
-81.0,-87.0,2e+16
-81.0,-81.0,2.038676875e+16
-81.0,-75.0,2.1547075e+16
-81.0,-69.0,2.16529275e+16
-81.0,-63.0,2.268295375e+16
-81.0,-57.0,2.323664375e+16
-81.0,-51.0,2.172213875e+16
-81.0,-45.0,2.158371625e+16
-81.0,-39.0,2.20600525e+16
-81.0,-33.0,2.087531875e+16
-81.0,-27.0,2.0244275e+16
-81.0,-21.0,2.002035625e+16
-81.0,-15.0,2e+16
-81.0,-9.0,2e+16
-81.0,-3.0,2e+16
-81.0,3.0,2e+16
-81.0,9.0,2e+16
-81.0,15.0,2e+16
-81.0,21.0,2e+16
-81.0,27.0,2e+16
-81.0,33.0,2e+16
-81.0,39.0,2e+16
-81.0,45.0,2e+16
-81.0,51.0,2e+16
-81.0,57.0,2e+16
-81.0,63.0,2e+16
-81.0,69.0,2e+16
-81.0,75.0,2e+16
-81.0,81.0,2e+16
-81.0,87.0,2e+16
-81.0,93.0,2e+16
-81.0,99.0,2e+16
-81.0,105.0,2e+16
-81.0,111.0,2e+16
-81.0,117.0,2e+16
-81.0,123.0,2e+16
-81.0,129.0,2e+16
-81.0,135.0,2e+16
-81.0,141.0,2e+16
-81.0,147.0,2e+16
-81.0,153.0,2e+16
-81.0,159.0,2.0504835e+16
-81.0,165.0,2.2731808749999996e+16
-81.0,171.0,2.374555e+16
-81.0,177.0,2.405089375e+16
-75.0,-177.0,5.23e+16
-75.0,-171.0,5.23e+16
-75.0,-165.0,5.23e+16
-75.0,-159.0,5.05881e+16
-75.0,-153.0,4.861779999999999e+16
-75.0,-147.0,4.522629999999999e+16
-75.0,-141.0,3.84433e+16
-75.0,-135.0,3.52779e+16
-75.0,-129.0,3.41797e+16
-75.0,-123.0,3.27262e+16
-75.0,-117.0,3.26616e+16
-75.0,-111.0,3.54717e+16
-75.0,-105.0,3.64084e+16
-75.0,-99.0,2.67507e+16
-75.0,-93.0,2.60724e+16
-75.0,-87.0,2.65569e+16
-75.0,-81.0,2.84949e+16
-75.0,-75.0,3.14988e+16
-75.0,-69.0,3.2274e+16
-75.0,-63.0,3.77327e+16
-75.0,-57.0,5.226770000000001e+16
-75.0,-51.0,5.22354e+16
-75.0,-45.0,5.18478e+16
-75.0,-39.0,5.23e+16
-75.0,-33.0,4.85532e+16
-75.0,-27.0,4.231929999999999e+16
-75.0,-21.0,3.88309e+16
-75.0,-15.0,2.7752e+16
-75.0,-9.0,2.0323e+16
-75.0,-3.0,2e+16
-75.0,3.0,2e+16
-75.0,9.0,2e+16
-75.0,15.0,2e+16
-75.0,21.0,2e+16
-75.0,27.0,2e+16
-75.0,33.0,2e+16
-75.0,39.0,2e+16
-75.0,45.0,2e+16
-75.0,51.0,2e+16
-75.0,57.0,2e+16
-75.0,63.0,2e+16
-75.0,69.0,2.1938e+16
-75.0,75.0,2e+16
-75.0,81.0,2e+16
-75.0,87.0,2e+16
-75.0,93.0,2e+16
-75.0,99.0,2e+16
-75.0,105.0,2e+16
-75.0,111.0,2e+16
-75.0,117.0,2e+16
-75.0,123.0,2e+16
-75.0,129.0,2e+16
-75.0,135.0,2e+16
-75.0,141.0,2e+16
-75.0,147.0,2e+16
-75.0,153.0,2e+16
-75.0,159.0,2.01292e+16
-75.0,165.0,3.79911e+16
-75.0,171.0,5.02005e+16
-75.0,177.0,5.23e+16
-69.0,-177.0,5.23e+16
-69.0,-171.0,5.23e+16
-69.0,-165.0,5.23e+16
-69.0,-159.0,5.23e+16
-69.0,-153.0,5.23e+16
-69.0,-147.0,5.23e+16
-69.0,-141.0,5.23e+16
-69.0,-135.0,5.23e+16
-69.0,-129.0,5.23e+16
-69.0,-123.0,5.23e+16
-69.0,-117.0,5.23e+16
-69.0,-111.0,5.23e+16
-69.0,-105.0,5.23e+16
-69.0,-99.0,5.18155e+16
-69.0,-93.0,5.226770000000001e+16
-69.0,-87.0,5.23e+16
-69.0,-81.0,5.23e+16
-69.0,-75.0,4.942529999999999e+16
-69.0,-69.0,3.83141e+16
-69.0,-63.0,3.68929e+16
-69.0,-57.0,5.23e+16
-69.0,-51.0,5.23e+16
-69.0,-45.0,5.23e+16
-69.0,-39.0,5.23e+16
-69.0,-33.0,5.23e+16
-69.0,-27.0,5.23e+16
-69.0,-21.0,5.23e+16
-69.0,-15.0,5.22031e+16
-69.0,-9.0,4.83594e+16
-69.0,-3.0,4.85532e+16
-69.0,3.0,4.62276e+16
-69.0,9.0,4.4225e+16
-69.0,15.0,4.31914e+16
-69.0,21.0,4.50325e+16
-69.0,27.0,4.54847e+16
-69.0,33.0,3.95092e+16
-69.0,39.0,3.82172e+16
-69.0,45.0,2.99161e+16
-69.0,51.0,2.31331e+16
-69.0,57.0,2.40375e+16
-69.0,63.0,2.84949e+16
-69.0,69.0,4.05105e+16
-69.0,75.0,4.02844e+16
-69.0,81.0,3.03683e+16
-69.0,87.0,2.51357e+16
-69.0,93.0,2.33915e+16
-69.0,99.0,2.24548e+16
-69.0,105.0,2.12274e+16
-69.0,111.0,2.20349e+16
-69.0,117.0,2.56202e+16
-69.0,123.0,2.44574e+16
-69.0,129.0,2.35207e+16
-69.0,135.0,2.15181e+16
-69.0,141.0,2.4199e+16
-69.0,147.0,3.1143499999999996e+16
-69.0,153.0,3.4535e+16
-69.0,159.0,3.97676e+16
-69.0,165.0,4.50002e+16
-69.0,171.0,5.08465e+16
-69.0,177.0,5.23e+16
-63.0,-177.0,5.23e+16
-63.0,-171.0,5.23e+16
-63.0,-165.0,5.23e+16
-63.0,-159.0,5.23e+16
-63.0,-153.0,5.23e+16
-63.0,-147.0,5.23e+16
-63.0,-141.0,5.23e+16
-63.0,-135.0,5.23e+16
-63.0,-129.0,5.23e+16
-63.0,-123.0,5.23e+16
-63.0,-117.0,5.23e+16
-63.0,-111.0,5.23e+16
-63.0,-105.0,5.23e+16
-63.0,-99.0,5.23e+16
-63.0,-93.0,5.23e+16
-63.0,-87.0,5.23e+16
-63.0,-81.0,5.23e+16
-63.0,-75.0,5.23e+16
-63.0,-69.0,5.23e+16
-63.0,-63.0,4.91669e+16
-63.0,-57.0,5.09757e+16
-63.0,-51.0,5.23e+16
-63.0,-45.0,5.23e+16
-63.0,-39.0,5.23e+16
-63.0,-33.0,5.23e+16
-63.0,-27.0,5.23e+16
-63.0,-21.0,5.23e+16
-63.0,-15.0,5.23e+16
-63.0,-9.0,5.23e+16
-63.0,-3.0,5.23e+16
-63.0,3.0,5.23e+16
-63.0,9.0,5.23e+16
-63.0,15.0,5.23e+16
-63.0,21.0,5.23e+16
-63.0,27.0,5.23e+16
-63.0,33.0,5.23e+16
-63.0,39.0,5.23e+16
-63.0,45.0,5.23e+16
-63.0,51.0,5.22031e+16
-63.0,57.0,5.22031e+16
-63.0,63.0,5.23e+16
-63.0,69.0,5.23e+16
-63.0,75.0,5.23e+16
-63.0,81.0,5.23e+16
-63.0,87.0,5.23e+16
-63.0,93.0,5.23e+16
-63.0,99.0,5.20416e+16
-63.0,105.0,5.21385e+16
-63.0,111.0,5.20416e+16
-63.0,117.0,5.23e+16
-63.0,123.0,5.23e+16
-63.0,129.0,5.23e+16
-63.0,135.0,5.23e+16
-63.0,141.0,5.23e+16
-63.0,147.0,5.23e+16
-63.0,153.0,5.23e+16
-63.0,159.0,5.23e+16
-63.0,165.0,5.23e+16
-63.0,171.0,5.23e+16
-63.0,177.0,5.23e+16
-57.0,-177.0,5.23e+16
-57.0,-171.0,5.23e+16
-57.0,-165.0,5.23e+16
-57.0,-159.0,5.23e+16
-57.0,-153.0,5.23e+16
-57.0,-147.0,5.23e+16
-57.0,-141.0,5.23e+16
-57.0,-135.0,5.23e+16
-57.0,-129.0,5.23e+16
-57.0,-123.0,5.23e+16
-57.0,-117.0,5.23e+16
-57.0,-111.0,5.23e+16
-57.0,-105.0,5.23e+16
-57.0,-99.0,5.23e+16
-57.0,-93.0,5.23e+16
-57.0,-87.0,5.23e+16
-57.0,-81.0,5.23e+16
-57.0,-75.0,5.210620000000001e+16
-57.0,-69.0,4.742270000000001e+16
-57.0,-63.0,5.20416e+16
-57.0,-57.0,5.23e+16
-57.0,-51.0,5.23e+16
-57.0,-45.0,5.23e+16
-57.0,-39.0,5.18801e+16
-57.0,-33.0,5.226770000000001e+16
-57.0,-27.0,5.226770000000001e+16
-57.0,-21.0,5.23e+16
-57.0,-15.0,5.23e+16
-57.0,-9.0,5.23e+16
-57.0,-3.0,5.23e+16
-57.0,3.0,5.23e+16
-57.0,9.0,5.23e+16
-57.0,15.0,5.23e+16
-57.0,21.0,5.23e+16
-57.0,27.0,5.23e+16
-57.0,33.0,5.23e+16
-57.0,39.0,5.23e+16
-57.0,45.0,5.23e+16
-57.0,51.0,5.23e+16
-57.0,57.0,5.23e+16
-57.0,63.0,5.23e+16
-57.0,69.0,5.23e+16
-57.0,75.0,5.23e+16
-57.0,81.0,5.23e+16
-57.0,87.0,5.23e+16
-57.0,93.0,5.23e+16
-57.0,99.0,5.23e+16
-57.0,105.0,5.23e+16
-57.0,111.0,5.23e+16
-57.0,117.0,5.23e+16
-57.0,123.0,5.23e+16
-57.0,129.0,5.23e+16
-57.0,135.0,5.23e+16
-57.0,141.0,5.23e+16
-57.0,147.0,5.23e+16
-57.0,153.0,5.23e+16
-57.0,159.0,5.226770000000001e+16
-57.0,165.0,5.23e+16
-57.0,171.0,5.23e+16
-57.0,177.0,5.23e+16
-51.0,-177.0,5.23e+16
-51.0,-171.0,5.23e+16
-51.0,-165.0,5.23e+16
-51.0,-159.0,5.23e+16
-51.0,-153.0,5.23e+16
-51.0,-147.0,5.23e+16
-51.0,-141.0,5.23e+16
-51.0,-135.0,5.23e+16
-51.0,-129.0,5.23e+16
-51.0,-123.0,5.23e+16
-51.0,-117.0,5.23e+16
-51.0,-111.0,5.23e+16
-51.0,-105.0,5.23e+16
-51.0,-99.0,5.23e+16
-51.0,-93.0,5.23e+16
-51.0,-87.0,5.23e+16
-51.0,-81.0,5.23e+16
-51.0,-75.0,4.01229e+16
-51.0,-69.0,3.31784e+16
-51.0,-63.0,5.194470000000001e+16
-51.0,-57.0,5.12664e+16
-51.0,-51.0,5.23e+16
-51.0,-45.0,5.23e+16
-51.0,-39.0,5.23e+16
-51.0,-33.0,5.23e+16
-51.0,-27.0,5.23e+16
-51.0,-21.0,5.23e+16
-51.0,-15.0,5.23e+16
-51.0,-9.0,5.23e+16
-51.0,-3.0,5.23e+16
-51.0,3.0,5.23e+16
-51.0,9.0,5.23e+16
-51.0,15.0,5.23e+16
-51.0,21.0,5.23e+16
-51.0,27.0,5.23e+16
-51.0,33.0,5.23e+16
-51.0,39.0,5.23e+16
-51.0,45.0,5.23e+16
-51.0,51.0,5.23e+16
-51.0,57.0,5.23e+16
-51.0,63.0,5.23e+16
-51.0,69.0,5.14925e+16
-51.0,75.0,5.22354e+16
-51.0,81.0,5.23e+16
-51.0,87.0,5.23e+16
-51.0,93.0,5.23e+16
-51.0,99.0,5.23e+16
-51.0,105.0,5.23e+16
-51.0,111.0,5.23e+16
-51.0,117.0,5.23e+16
-51.0,123.0,5.23e+16
-51.0,129.0,5.23e+16
-51.0,135.0,5.23e+16
-51.0,141.0,5.23e+16
-51.0,147.0,5.23e+16
-51.0,153.0,5.23e+16
-51.0,159.0,5.23e+16
-51.0,165.0,5.22354e+16
-51.0,171.0,5.23e+16
-51.0,177.0,5.23e+16
-45.0,-177.0,5.22031e+16
-45.0,-171.0,5.23e+16
-45.0,-165.0,5.23e+16
-45.0,-159.0,5.23e+16
-45.0,-153.0,5.23e+16
-45.0,-147.0,5.23e+16
-45.0,-141.0,5.23e+16
-45.0,-135.0,5.23e+16
-45.0,-129.0,5.23e+16
-45.0,-123.0,5.23e+16
-45.0,-117.0,5.23e+16
-45.0,-111.0,5.23e+16
-45.0,-105.0,5.23e+16
-45.0,-99.0,5.23e+16
-45.0,-93.0,5.23e+16
-45.0,-87.0,5.23e+16
-45.0,-81.0,5.23e+16
-45.0,-75.0,4.18671e+16
-45.0,-69.0,2.25194e+16
-45.0,-63.0,4.92315e+16
-45.0,-57.0,5.23e+16
-45.0,-51.0,5.23e+16
-45.0,-45.0,5.23e+16
-45.0,-39.0,5.23e+16
-45.0,-33.0,5.23e+16
-45.0,-27.0,5.23e+16
-45.0,-21.0,5.23e+16
-45.0,-15.0,5.23e+16
-45.0,-9.0,5.23e+16
-45.0,-3.0,5.23e+16
-45.0,3.0,5.23e+16
-45.0,9.0,5.23e+16
-45.0,15.0,5.23e+16
-45.0,21.0,5.23e+16
-45.0,27.0,5.23e+16
-45.0,33.0,5.23e+16
-45.0,39.0,5.226770000000001e+16
-45.0,45.0,5.23e+16
-45.0,51.0,5.226770000000001e+16
-45.0,57.0,5.23e+16
-45.0,63.0,5.23e+16
-45.0,69.0,5.23e+16
-45.0,75.0,5.23e+16
-45.0,81.0,5.23e+16
-45.0,87.0,5.23e+16
-45.0,93.0,5.23e+16
-45.0,99.0,5.23e+16
-45.0,105.0,5.23e+16
-45.0,111.0,5.23e+16
-45.0,117.0,5.23e+16
-45.0,123.0,5.23e+16
-45.0,129.0,5.23e+16
-45.0,135.0,5.23e+16
-45.0,141.0,5.23e+16
-45.0,147.0,4.926379999999999e+16
-45.0,153.0,5.23e+16
-45.0,159.0,5.23e+16
-45.0,165.0,5.05881e+16
-45.0,171.0,4.10273e+16
-45.0,177.0,5.23e+16
-39.0,-177.0,5.23e+16
-39.0,-171.0,5.23e+16
-39.0,-165.0,5.23e+16
-39.0,-159.0,5.23e+16
-39.0,-153.0,5.23e+16
-39.0,-147.0,5.23e+16
-39.0,-141.0,5.23e+16
-39.0,-135.0,5.23e+16
-39.0,-129.0,5.23e+16
-39.0,-123.0,5.23e+16
-39.0,-117.0,5.23e+16
-39.0,-111.0,5.23e+16
-39.0,-105.0,5.23e+16
-39.0,-99.0,5.23e+16
-39.0,-93.0,5.23e+16
-39.0,-87.0,5.23e+16
-39.0,-81.0,5.23e+16
-39.0,-75.0,4.4871e+16
-39.0,-69.0,2.00969e+16
-39.0,-63.0,2.85918e+16
-39.0,-57.0,4.56462e+16
-39.0,-51.0,5.23e+16
-39.0,-45.0,5.23e+16
-39.0,-39.0,5.23e+16
-39.0,-33.0,5.23e+16
-39.0,-27.0,5.23e+16
-39.0,-21.0,5.23e+16
-39.0,-15.0,5.23e+16
-39.0,-9.0,5.23e+16
-39.0,-3.0,5.23e+16
-39.0,3.0,5.23e+16
-39.0,9.0,5.23e+16
-39.0,15.0,5.23e+16
-39.0,21.0,5.23e+16
-39.0,27.0,5.23e+16
-39.0,33.0,5.23e+16
-39.0,39.0,5.23e+16
-39.0,45.0,5.23e+16
-39.0,51.0,5.23e+16
-39.0,57.0,5.23e+16
-39.0,63.0,5.23e+16
-39.0,69.0,5.23e+16
-39.0,75.0,5.23e+16
-39.0,81.0,5.23e+16
-39.0,87.0,5.23e+16
-39.0,93.0,5.23e+16
-39.0,99.0,5.23e+16
-39.0,105.0,5.23e+16
-39.0,111.0,5.23e+16
-39.0,117.0,5.23e+16
-39.0,123.0,5.23e+16
-39.0,129.0,5.23e+16
-39.0,135.0,5.226770000000001e+16
-39.0,141.0,4.36113e+16
-39.0,147.0,3.69898e+16
-39.0,153.0,5.22354e+16
-39.0,159.0,5.23e+16
-39.0,165.0,5.23e+16
-39.0,171.0,5.02005e+16
-39.0,177.0,4.267460000000001e+16
-33.0,-177.0,5.23e+16
-33.0,-171.0,5.23e+16
-33.0,-165.0,5.23e+16
-33.0,-159.0,5.23e+16
-33.0,-153.0,5.23e+16
-33.0,-147.0,5.23e+16
-33.0,-141.0,5.23e+16
-33.0,-135.0,5.23e+16
-33.0,-129.0,5.23e+16
-33.0,-123.0,5.23e+16
-33.0,-117.0,5.23e+16
-33.0,-111.0,5.23e+16
-33.0,-105.0,5.23e+16
-33.0,-99.0,5.23e+16
-33.0,-93.0,5.23e+16
-33.0,-87.0,5.23e+16
-33.0,-81.0,5.23e+16
-33.0,-75.0,5.18155e+16
-33.0,-69.0,2.14858e+16
-33.0,-63.0,2.02907e+16
-33.0,-57.0,2.44251e+16
-33.0,-51.0,4.529089999999999e+16
-33.0,-45.0,5.23e+16
-33.0,-39.0,5.23e+16
-33.0,-33.0,5.23e+16
-33.0,-27.0,5.23e+16
-33.0,-21.0,5.23e+16
-33.0,-15.0,5.23e+16
-33.0,-9.0,5.23e+16
-33.0,-3.0,5.23e+16
-33.0,3.0,5.23e+16
-33.0,9.0,5.23e+16
-33.0,15.0,5.1654e+16
-33.0,21.0,2.97223e+16
-33.0,27.0,3.49549e+16
-33.0,33.0,5.16863e+16
-33.0,39.0,5.23e+16
-33.0,45.0,5.23e+16
-33.0,51.0,5.23e+16
-33.0,57.0,5.23e+16
-33.0,63.0,5.23e+16
-33.0,69.0,5.23e+16
-33.0,75.0,5.23e+16
-33.0,81.0,5.23e+16
-33.0,87.0,5.23e+16
-33.0,93.0,5.23e+16
-33.0,99.0,5.23e+16
-33.0,105.0,5.23e+16
-33.0,111.0,5.23e+16
-33.0,117.0,3.27908e+16
-33.0,123.0,3.33399e+16
-33.0,129.0,4.21578e+16
-33.0,135.0,3.40505e+16
-33.0,141.0,2.09367e+16
-33.0,147.0,2.0032300000000004e+16
-33.0,153.0,4.235160000000001e+16
-33.0,159.0,5.23e+16
-33.0,165.0,5.23e+16
-33.0,171.0,5.1654e+16
-33.0,177.0,5.1977e+16
-27.0,-177.0,5.23e+16
-27.0,-171.0,5.23e+16
-27.0,-165.0,5.23e+16
-27.0,-159.0,5.23e+16
-27.0,-153.0,5.23e+16
-27.0,-147.0,5.23e+16
-27.0,-141.0,5.23e+16
-27.0,-135.0,5.23e+16
-27.0,-129.0,5.23e+16
-27.0,-123.0,5.23e+16
-27.0,-117.0,5.23e+16
-27.0,-111.0,5.23e+16
-27.0,-105.0,5.23e+16
-27.0,-99.0,5.23e+16
-27.0,-93.0,5.23e+16
-27.0,-87.0,5.23e+16
-27.0,-81.0,5.23e+16
-27.0,-75.0,5.23e+16
-27.0,-69.0,2.59755e+16
-27.0,-63.0,2e+16
-27.0,-57.0,2.03876e+16
-27.0,-51.0,2.37468e+16
-27.0,-45.0,5.15248e+16
-27.0,-39.0,5.23e+16
-27.0,-33.0,5.23e+16
-27.0,-27.0,5.23e+16
-27.0,-21.0,5.23e+16
-27.0,-15.0,5.23e+16
-27.0,-9.0,5.23e+16
-27.0,-3.0,5.23e+16
-27.0,3.0,5.23e+16
-27.0,9.0,5.23e+16
-27.0,15.0,3.90893e+16
-27.0,21.0,2e+16
-27.0,27.0,2.01292e+16
-27.0,33.0,3.67314e+16
-27.0,39.0,5.23e+16
-27.0,45.0,4.83271e+16
-27.0,51.0,5.23e+16
-27.0,57.0,5.23e+16
-27.0,63.0,5.23e+16
-27.0,69.0,5.23e+16
-27.0,75.0,5.23e+16
-27.0,81.0,5.23e+16
-27.0,87.0,5.23e+16
-27.0,93.0,5.23e+16
-27.0,99.0,5.23e+16
-27.0,105.0,5.23e+16
-27.0,111.0,5.13633e+16
-27.0,117.0,2.14858e+16
-27.0,123.0,2e+16
-27.0,129.0,2e+16
-27.0,135.0,2e+16
-27.0,141.0,2e+16
-27.0,147.0,2e+16
-27.0,153.0,3.5730100000000004e+16
-27.0,159.0,5.23e+16
-27.0,165.0,5.23e+16
-27.0,171.0,5.23e+16
-27.0,177.0,5.23e+16
-21.0,-177.0,5.22354e+16
-21.0,-171.0,5.226770000000001e+16
-21.0,-165.0,5.23e+16
-21.0,-159.0,5.23e+16
-21.0,-153.0,5.23e+16
-21.0,-147.0,5.23e+16
-21.0,-141.0,5.23e+16
-21.0,-135.0,5.23e+16
-21.0,-129.0,5.23e+16
-21.0,-123.0,5.23e+16
-21.0,-117.0,5.23e+16
-21.0,-111.0,5.23e+16
-21.0,-105.0,5.23e+16
-21.0,-99.0,5.23e+16
-21.0,-93.0,5.23e+16
-21.0,-87.0,5.23e+16
-21.0,-81.0,5.23e+16
-21.0,-75.0,5.23e+16
-21.0,-69.0,2.94316e+16
-21.0,-63.0,2e+16
-21.0,-57.0,2e+16
-21.0,-51.0,2.00646e+16
-21.0,-45.0,2.31331e+16
-21.0,-39.0,4.56462e+16
-21.0,-33.0,5.23e+16
-21.0,-27.0,5.23e+16
-21.0,-21.0,5.23e+16
-21.0,-15.0,5.23e+16
-21.0,-9.0,5.23e+16
-21.0,-3.0,5.23e+16
-21.0,3.0,5.23e+16
-21.0,9.0,5.226770000000001e+16
-21.0,15.0,2.8075e+16
-21.0,21.0,2e+16
-21.0,27.0,2e+16
-21.0,33.0,2.32946e+16
-21.0,39.0,5.178320000000001e+16
-21.0,45.0,3.04652e+16
-21.0,51.0,4.94576e+16
-21.0,57.0,5.194470000000001e+16
-21.0,63.0,5.23e+16
-21.0,69.0,5.23e+16
-21.0,75.0,5.23e+16
-21.0,81.0,5.23e+16
-21.0,87.0,5.23e+16
-21.0,93.0,5.23e+16
-21.0,99.0,5.23e+16
-21.0,105.0,5.23e+16
-21.0,111.0,5.18478e+16
-21.0,117.0,3.5504e+16
-21.0,123.0,2.26809e+16
-21.0,129.0,2e+16
-21.0,135.0,2e+16
-21.0,141.0,2e+16
-21.0,147.0,2.76228e+16
-21.0,153.0,5.09434e+16
-21.0,159.0,5.23e+16
-21.0,165.0,5.08465e+16
-21.0,171.0,5.21385e+16
-21.0,177.0,5.20093e+16
-15.0,-177.0,5.22354e+16
-15.0,-171.0,5.20739e+16
-15.0,-165.0,5.23e+16
-15.0,-159.0,5.23e+16
-15.0,-153.0,5.226770000000001e+16
-15.0,-147.0,5.22031e+16
-15.0,-141.0,5.23e+16
-15.0,-135.0,5.23e+16
-15.0,-129.0,5.23e+16
-15.0,-123.0,5.23e+16
-15.0,-117.0,5.23e+16
-15.0,-111.0,5.23e+16
-15.0,-105.0,5.23e+16
-15.0,-99.0,5.23e+16
-15.0,-93.0,5.23e+16
-15.0,-87.0,5.23e+16
-15.0,-81.0,5.23e+16
-15.0,-75.0,3.71513e+16
-15.0,-69.0,2.11951e+16
-15.0,-63.0,2.00646e+16
-15.0,-57.0,2e+16
-15.0,-51.0,2e+16
-15.0,-45.0,2e+16
-15.0,-39.0,3.53425e+16
-15.0,-33.0,5.23e+16
-15.0,-27.0,5.23e+16
-15.0,-21.0,5.23e+16
-15.0,-15.0,5.23e+16
-15.0,-9.0,5.23e+16
-15.0,-3.0,5.23e+16
-15.0,3.0,5.23e+16
-15.0,9.0,5.18801e+16
-15.0,15.0,2.21641e+16
-15.0,21.0,2e+16
-15.0,27.0,2.0355300000000004e+16
-15.0,33.0,2.13566e+16
-15.0,39.0,3.09174e+16
-15.0,45.0,4.403120000000001e+16
-15.0,51.0,4.34498e+16
-15.0,57.0,5.23e+16
-15.0,63.0,5.23e+16
-15.0,69.0,5.23e+16
-15.0,75.0,5.23e+16
-15.0,81.0,5.23e+16
-15.0,87.0,5.23e+16
-15.0,93.0,5.23e+16
-15.0,99.0,5.23e+16
-15.0,105.0,5.23e+16
-15.0,111.0,5.23e+16
-15.0,117.0,5.23e+16
-15.0,123.0,4.54847e+16
-15.0,129.0,2.96254e+16
-15.0,135.0,2.69445e+16
-15.0,141.0,3.76358e+16
-15.0,147.0,4.72935e+16
-15.0,153.0,5.23e+16
-15.0,159.0,5.23e+16
-15.0,165.0,5.17186e+16
-15.0,171.0,5.20739e+16
-15.0,177.0,5.123410000000001e+16
-9.0,-177.0,5.23e+16
-9.0,-171.0,5.23e+16
-9.0,-165.0,5.23e+16
-9.0,-159.0,5.23e+16
-9.0,-153.0,5.23e+16
-9.0,-147.0,5.23e+16
-9.0,-141.0,5.22354e+16
-9.0,-135.0,5.23e+16
-9.0,-129.0,5.23e+16
-9.0,-123.0,5.23e+16
-9.0,-117.0,5.23e+16
-9.0,-111.0,5.23e+16
-9.0,-105.0,5.23e+16
-9.0,-99.0,5.23e+16
-9.0,-93.0,5.23e+16
-9.0,-87.0,5.23e+16
-9.0,-81.0,4.758420000000001e+16
-9.0,-75.0,2.06783e+16
-9.0,-69.0,2e+16
-9.0,-63.0,2e+16
-9.0,-57.0,2e+16
-9.0,-51.0,2e+16
-9.0,-45.0,2e+16
-9.0,-39.0,2.16796e+16
-9.0,-33.0,4.90377e+16
-9.0,-27.0,5.23e+16
-9.0,-21.0,5.23e+16
-9.0,-15.0,5.23e+16
-9.0,-9.0,5.23e+16
-9.0,-3.0,5.23e+16
-9.0,3.0,5.23e+16
-9.0,9.0,5.23e+16
-9.0,15.0,2.67184e+16
-9.0,21.0,2e+16
-9.0,27.0,2.11628e+16
-9.0,33.0,2.21964e+16
-9.0,39.0,3.20802e+16
-9.0,45.0,5.22031e+16
-9.0,51.0,5.23e+16
-9.0,57.0,5.23e+16
-9.0,63.0,5.23e+16
-9.0,69.0,5.23e+16
-9.0,75.0,5.23e+16
-9.0,81.0,5.23e+16
-9.0,87.0,5.23e+16
-9.0,93.0,5.23e+16
-9.0,99.0,5.23e+16
-9.0,105.0,4.9716e+16
-9.0,111.0,4.56139e+16
-9.0,117.0,4.94899e+16
-9.0,123.0,4.861779999999999e+16
-9.0,129.0,5.06527e+16
-9.0,135.0,5.113720000000001e+16
-9.0,141.0,3.79588e+16
-9.0,147.0,4.1964e+16
-9.0,153.0,5.09111e+16
-9.0,159.0,5.0362e+16
-9.0,165.0,5.21708e+16
-9.0,171.0,5.23e+16
-9.0,177.0,5.23e+16
-3.0,-177.0,5.23e+16
-3.0,-171.0,5.23e+16
-3.0,-165.0,5.23e+16
-3.0,-159.0,5.23e+16
-3.0,-153.0,5.23e+16
-3.0,-147.0,5.23e+16
-3.0,-141.0,5.23e+16
-3.0,-135.0,5.23e+16
-3.0,-129.0,5.23e+16
-3.0,-123.0,5.23e+16
-3.0,-117.0,5.23e+16
-3.0,-111.0,5.23e+16
-3.0,-105.0,5.23e+16
-3.0,-99.0,5.23e+16
-3.0,-93.0,5.18155e+16
-3.0,-87.0,5.226770000000001e+16
-3.0,-81.0,3.7765e+16
-3.0,-75.0,2.0032300000000004e+16
-3.0,-69.0,2.0355300000000004e+16
-3.0,-63.0,2.09367e+16
-3.0,-57.0,2.0646e+16
-3.0,-51.0,2.20026e+16
-3.0,-45.0,2.9302400000000004e+16
-3.0,-39.0,4.00583e+16
-3.0,-33.0,5.17186e+16
-3.0,-27.0,5.23e+16
-3.0,-21.0,5.23e+16
-3.0,-15.0,5.23e+16
-3.0,-9.0,5.23e+16
-3.0,-3.0,5.23e+16
-3.0,3.0,5.23e+16
-3.0,9.0,4.38051e+16
-3.0,15.0,2.04845e+16
-3.0,21.0,2.0193800000000004e+16
-3.0,27.0,2.14212e+16
-3.0,33.0,2.47804e+16
-3.0,39.0,2.83334e+16
-3.0,45.0,5.18801e+16
-3.0,51.0,5.23e+16
-3.0,57.0,5.226770000000001e+16
-3.0,63.0,5.23e+16
-3.0,69.0,5.23e+16
-3.0,75.0,5.23e+16
-3.0,81.0,5.23e+16
-3.0,87.0,5.23e+16
-3.0,93.0,5.23e+16
-3.0,99.0,4.78426e+16
-3.0,105.0,3.71836e+16
-3.0,111.0,4.01552e+16
-3.0,117.0,3.98645e+16
-3.0,123.0,4.45157e+16
-3.0,129.0,4.845629999999999e+16
-3.0,135.0,3.91862e+16
-3.0,141.0,3.44381e+16
-3.0,147.0,4.80364e+16
-3.0,153.0,4.97806e+16
-3.0,159.0,5.23e+16
-3.0,165.0,5.23e+16
-3.0,171.0,5.23e+16
-3.0,177.0,5.23e+16
3.0,-177.0,5.23e+16
3.0,-171.0,5.23e+16
3.0,-165.0,5.23e+16
3.0,-159.0,5.226770000000001e+16
3.0,-153.0,5.23e+16
3.0,-147.0,5.23e+16
3.0,-141.0,5.23e+16
3.0,-135.0,5.23e+16
3.0,-129.0,5.23e+16
3.0,-123.0,5.23e+16
3.0,-117.0,5.23e+16
3.0,-111.0,5.23e+16
3.0,-105.0,5.23e+16
3.0,-99.0,5.23e+16
3.0,-93.0,5.226770000000001e+16
3.0,-87.0,5.23e+16
3.0,-81.0,4.942529999999999e+16
3.0,-75.0,2.18411e+16
3.0,-69.0,2e+16
3.0,-63.0,2e+16
3.0,-57.0,2.0323e+16
3.0,-51.0,3.71513e+16
3.0,-45.0,5.23e+16
3.0,-39.0,5.23e+16
3.0,-33.0,5.23e+16
3.0,-27.0,5.23e+16
3.0,-21.0,5.23e+16
3.0,-15.0,5.23e+16
3.0,-9.0,4.80364e+16
3.0,-3.0,4.75519e+16
3.0,3.0,5.11695e+16
3.0,9.0,3.42443e+16
3.0,15.0,2.0032300000000004e+16
3.0,21.0,2.03876e+16
3.0,27.0,2.0032300000000004e+16
3.0,33.0,2.0969e+16
3.0,39.0,2.04845e+16
3.0,45.0,2.98838e+16
3.0,51.0,5.1654e+16
3.0,57.0,5.23e+16
3.0,63.0,5.23e+16
3.0,69.0,5.23e+16
3.0,75.0,5.23e+16
3.0,81.0,5.226770000000001e+16
3.0,87.0,5.23e+16
3.0,93.0,5.162170000000001e+16
3.0,99.0,3.62469e+16
3.0,105.0,4.49356e+16
3.0,111.0,4.08012e+16
3.0,117.0,3.19187e+16
3.0,123.0,4.926379999999999e+16
3.0,129.0,5.08465e+16
3.0,135.0,5.23e+16
3.0,141.0,5.23e+16
3.0,147.0,5.23e+16
3.0,153.0,5.23e+16
3.0,159.0,5.23e+16
3.0,165.0,5.23e+16
3.0,171.0,5.226770000000001e+16
3.0,177.0,5.23e+16
9.0,-177.0,5.23e+16
9.0,-171.0,5.23e+16
9.0,-165.0,5.23e+16
9.0,-159.0,5.23e+16
9.0,-153.0,5.23e+16
9.0,-147.0,5.23e+16
9.0,-141.0,5.23e+16
9.0,-135.0,5.23e+16
9.0,-129.0,5.23e+16
9.0,-123.0,5.23e+16
9.0,-117.0,5.23e+16
9.0,-111.0,5.23e+16
9.0,-105.0,5.23e+16
9.0,-99.0,5.23e+16
9.0,-93.0,5.23e+16
9.0,-87.0,4.88762e+16
9.0,-81.0,4.55816e+16
9.0,-75.0,2.98515e+16
9.0,-69.0,2.60724e+16
9.0,-63.0,3.07236e+16
9.0,-57.0,4.88762e+16
9.0,-51.0,5.23e+16
9.0,-45.0,5.23e+16
9.0,-39.0,5.23e+16
9.0,-33.0,5.23e+16
9.0,-27.0,5.23e+16
9.0,-21.0,5.23e+16
9.0,-15.0,4.3902e+16
9.0,-9.0,2.10013e+16
9.0,-3.0,2.04522e+16
9.0,3.0,2.15504e+16
9.0,9.0,2.00969e+16
9.0,15.0,2.0032300000000004e+16
9.0,21.0,2e+16
9.0,27.0,2e+16
9.0,33.0,2.0032300000000004e+16
9.0,39.0,2.0323e+16
9.0,45.0,2.52649e+16
9.0,51.0,4.10919e+16
9.0,57.0,5.23e+16
9.0,63.0,5.23e+16
9.0,69.0,5.23e+16
9.0,75.0,4.60984e+16
9.0,81.0,4.338520000000001e+16
9.0,87.0,5.23e+16
9.0,93.0,5.20093e+16
9.0,99.0,4.56139e+16
9.0,105.0,4.354670000000001e+16
9.0,111.0,5.13633e+16
9.0,117.0,5.03943e+16
9.0,123.0,4.251310000000001e+16
9.0,129.0,5.13633e+16
9.0,135.0,5.226770000000001e+16
9.0,141.0,5.23e+16
9.0,147.0,5.23e+16
9.0,153.0,5.23e+16
9.0,159.0,5.226770000000001e+16
9.0,165.0,5.23e+16
9.0,171.0,5.23e+16
9.0,177.0,5.23e+16
15.0,-177.0,5.23e+16
15.0,-171.0,5.23e+16
15.0,-165.0,5.23e+16
15.0,-159.0,5.23e+16
15.0,-153.0,5.23e+16
15.0,-147.0,5.23e+16
15.0,-141.0,5.23e+16
15.0,-135.0,5.23e+16
15.0,-129.0,5.23e+16
15.0,-123.0,5.23e+16
15.0,-117.0,5.23e+16
15.0,-111.0,5.23e+16
15.0,-105.0,5.226770000000001e+16
15.0,-99.0,4.4548e+16
15.0,-93.0,3.67314e+16
15.0,-87.0,3.2015600000000004e+16
15.0,-81.0,5.0685e+16
15.0,-75.0,5.20739e+16
15.0,-69.0,5.17509e+16
15.0,-63.0,5.18478e+16
15.0,-57.0,5.226770000000001e+16
15.0,-51.0,5.23e+16
15.0,-45.0,5.23e+16
15.0,-39.0,5.23e+16
15.0,-33.0,5.23e+16
15.0,-27.0,5.21385e+16
15.0,-21.0,5.21385e+16
15.0,-15.0,2.77197e+16
15.0,-9.0,2.0032300000000004e+16
15.0,-3.0,2.02584e+16
15.0,3.0,2.0032300000000004e+16
15.0,9.0,2e+16
15.0,15.0,2.09044e+16
15.0,21.0,2e+16
15.0,27.0,2e+16
15.0,33.0,2e+16
15.0,39.0,2.82042e+16
15.0,45.0,2.83657e+16
15.0,51.0,3.7765e+16
15.0,57.0,5.09111e+16
15.0,63.0,5.23e+16
15.0,69.0,5.23e+16
15.0,75.0,3.1143499999999996e+16
15.0,81.0,3.63115e+16
15.0,87.0,5.23e+16
15.0,93.0,4.90377e+16
15.0,99.0,3.04652e+16
15.0,105.0,2.20026e+16
15.0,111.0,4.83271e+16
15.0,117.0,5.21708e+16
15.0,123.0,4.32883e+16
15.0,129.0,5.23e+16
15.0,135.0,5.23e+16
15.0,141.0,5.23e+16
15.0,147.0,5.22354e+16
15.0,153.0,5.23e+16
15.0,159.0,5.23e+16
15.0,165.0,5.23e+16
15.0,171.0,5.23e+16
15.0,177.0,5.23e+16
21.0,-177.0,5.23e+16
21.0,-171.0,5.23e+16
21.0,-165.0,5.23e+16
21.0,-159.0,5.178320000000001e+16
21.0,-153.0,5.14925e+16
21.0,-147.0,5.23e+16
21.0,-141.0,5.23e+16
21.0,-135.0,5.23e+16
21.0,-129.0,5.23e+16
21.0,-123.0,5.23e+16
21.0,-117.0,5.23e+16
21.0,-111.0,5.15248e+16
21.0,-105.0,3.4631899999999996e+16
21.0,-99.0,2.5814e+16
21.0,-93.0,4.79718e+16
21.0,-87.0,4.41281e+16
21.0,-81.0,4.742270000000001e+16
21.0,-75.0,4.60338e+16
21.0,-69.0,4.78103e+16
21.0,-63.0,5.21385e+16
21.0,-57.0,5.23e+16
21.0,-51.0,5.23e+16
21.0,-45.0,5.23e+16
21.0,-39.0,5.23e+16
21.0,-33.0,5.23e+16
21.0,-27.0,5.23e+16
21.0,-21.0,5.23e+16
21.0,-15.0,2.8721e+16
21.0,-9.0,2e+16
21.0,-3.0,2e+16
21.0,3.0,2e+16
21.0,9.0,2e+16
21.0,15.0,2e+16
21.0,21.0,2e+16
21.0,27.0,2e+16
21.0,33.0,2.07106e+16
21.0,39.0,3.51487e+16
21.0,45.0,2e+16
21.0,51.0,2.0032300000000004e+16
21.0,57.0,2.87533e+16
21.0,63.0,5.23e+16
21.0,69.0,4.4548e+16
21.0,75.0,2.27778e+16
21.0,81.0,2.00969e+16
21.0,87.0,3.41151e+16
21.0,93.0,3.17572e+16
21.0,99.0,2e+16
21.0,105.0,2.5168e+16
21.0,111.0,3.66668e+16
21.0,117.0,4.88762e+16
21.0,123.0,4.97806e+16
21.0,129.0,5.23e+16
21.0,135.0,5.23e+16
21.0,141.0,5.23e+16
21.0,147.0,5.23e+16
21.0,153.0,5.23e+16
21.0,159.0,5.23e+16
21.0,165.0,5.23e+16
21.0,171.0,5.23e+16
21.0,177.0,5.23e+16
27.0,-177.0,5.23e+16
27.0,-171.0,5.23e+16
27.0,-165.0,5.23e+16
27.0,-159.0,5.23e+16
27.0,-153.0,5.23e+16
27.0,-147.0,5.23e+16
27.0,-141.0,5.23e+16
27.0,-135.0,5.23e+16
27.0,-129.0,5.23e+16
27.0,-123.0,5.23e+16
27.0,-117.0,5.06527e+16
27.0,-111.0,3.4858e+16
27.0,-105.0,2.0323e+16
27.0,-99.0,2.57171e+16
27.0,-93.0,4.92315e+16
27.0,-87.0,5.17186e+16
27.0,-81.0,4.39343e+16
27.0,-75.0,5.18801e+16
27.0,-69.0,5.23e+16
27.0,-63.0,5.23e+16
27.0,-57.0,5.23e+16
27.0,-51.0,5.23e+16
27.0,-45.0,5.23e+16
27.0,-39.0,5.23e+16
27.0,-33.0,5.23e+16
27.0,-27.0,5.23e+16
27.0,-21.0,5.23e+16
27.0,-15.0,4.36113e+16
27.0,-9.0,2.23256e+16
27.0,-3.0,2e+16
27.0,3.0,2e+16
27.0,9.0,2e+16
27.0,15.0,2e+16
27.0,21.0,2e+16
27.0,27.0,2e+16
27.0,33.0,2.6137e+16
27.0,39.0,2.24548e+16
27.0,45.0,2.0032300000000004e+16
27.0,51.0,3.54717e+16
27.0,57.0,2.92055e+16
27.0,63.0,2.6783e+16
27.0,69.0,2.14858e+16
27.0,75.0,2.0032300000000004e+16
27.0,81.0,2.0032300000000004e+16
27.0,87.0,2.02261e+16
27.0,93.0,2.00969e+16
27.0,99.0,2.0032300000000004e+16
27.0,105.0,2.0032300000000004e+16
27.0,111.0,2.01292e+16
27.0,117.0,2.25517e+16
27.0,123.0,4.7455e+16
27.0,129.0,5.20739e+16
27.0,135.0,5.23e+16
27.0,141.0,5.23e+16
27.0,147.0,5.23e+16
27.0,153.0,5.23e+16
27.0,159.0,5.23e+16
27.0,165.0,5.23e+16
27.0,171.0,5.23e+16
27.0,177.0,5.23e+16
33.0,-177.0,5.23e+16
33.0,-171.0,5.23e+16
33.0,-165.0,5.23e+16
33.0,-159.0,5.23e+16
33.0,-153.0,5.23e+16
33.0,-147.0,5.23e+16
33.0,-141.0,5.23e+16
33.0,-135.0,5.23e+16
33.0,-129.0,5.23e+16
33.0,-123.0,5.10403e+16
33.0,-117.0,3.26616e+16
33.0,-111.0,2.1292e+16
33.0,-105.0,2.0032300000000004e+16
33.0,-99.0,2.00646e+16
33.0,-93.0,2.0193800000000004e+16
33.0,-87.0,2.13566e+16
33.0,-81.0,2.8914800000000004e+16
33.0,-75.0,4.99744e+16
33.0,-69.0,5.23e+16
33.0,-63.0,5.23e+16
33.0,-57.0,5.23e+16
33.0,-51.0,5.23e+16
33.0,-45.0,5.23e+16
33.0,-39.0,5.23e+16
33.0,-33.0,5.23e+16
33.0,-27.0,5.23e+16
33.0,-21.0,5.23e+16
33.0,-15.0,5.22354e+16
33.0,-9.0,4.0672e+16
33.0,-3.0,2.32946e+16
33.0,3.0,2e+16
33.0,9.0,2.32623e+16
33.0,15.0,4.1318e+16
33.0,21.0,4.21578e+16
33.0,27.0,4.41604e+16
33.0,33.0,4.1964e+16
33.0,39.0,2e+16
33.0,45.0,2.03876e+16
33.0,51.0,2.02261e+16
33.0,57.0,2e+16
33.0,63.0,2e+16
33.0,69.0,2e+16
33.0,75.0,2.0032300000000004e+16
33.0,81.0,2.03876e+16
33.0,87.0,2.08075e+16
33.0,93.0,2.04845e+16
33.0,99.0,2.00646e+16
33.0,105.0,2e+16
33.0,111.0,2e+16
33.0,117.0,2.14858e+16
33.0,123.0,4.8101e+16
33.0,129.0,4.47741e+16
33.0,135.0,4.36759e+16
33.0,141.0,5.00713e+16
33.0,147.0,5.23e+16
33.0,153.0,5.23e+16
33.0,159.0,5.23e+16
33.0,165.0,5.23e+16
33.0,171.0,5.23e+16
33.0,177.0,5.23e+16
39.0,-177.0,5.23e+16
39.0,-171.0,5.23e+16
39.0,-165.0,5.23e+16
39.0,-159.0,5.23e+16
39.0,-153.0,5.23e+16
39.0,-147.0,5.23e+16
39.0,-141.0,5.23e+16
39.0,-135.0,5.23e+16
39.0,-129.0,5.23e+16
39.0,-123.0,3.48257e+16
39.0,-117.0,2.01615e+16
39.0,-111.0,2.03876e+16
39.0,-105.0,2.0032300000000004e+16
39.0,-99.0,2e+16
39.0,-93.0,2e+16
39.0,-87.0,2.0355300000000004e+16
39.0,-81.0,2.10336e+16
39.0,-75.0,3.4664199999999996e+16
39.0,-69.0,5.14925e+16
39.0,-63.0,5.23e+16
39.0,-57.0,5.23e+16
39.0,-51.0,5.23e+16
39.0,-45.0,5.23e+16
39.0,-39.0,5.23e+16
39.0,-33.0,5.23e+16
39.0,-27.0,5.210620000000001e+16
39.0,-21.0,5.23e+16
39.0,-15.0,5.23e+16
39.0,-9.0,3.91862e+16
39.0,-3.0,2.54587e+16
39.0,3.0,4.57754e+16
39.0,9.0,4.538779999999999e+16
39.0,15.0,4.30945e+16
39.0,21.0,3.78619e+16
39.0,27.0,3.52456e+16
39.0,33.0,2.48127e+16
39.0,39.0,2.45866e+16
39.0,45.0,2.0969e+16
39.0,51.0,4.01875e+16
39.0,57.0,2.03876e+16
39.0,63.0,2.0032300000000004e+16
39.0,69.0,2.00969e+16
39.0,75.0,2.00969e+16
39.0,81.0,2e+16
39.0,87.0,2.01615e+16
39.0,93.0,2.01292e+16
39.0,99.0,2.04845e+16
39.0,105.0,2e+16
39.0,111.0,2.00646e+16
39.0,117.0,2.34238e+16
39.0,123.0,3.73128e+16
39.0,129.0,3.75389e+16
39.0,135.0,5.08142e+16
39.0,141.0,4.238389999999999e+16
39.0,147.0,5.23e+16
39.0,153.0,5.23e+16
39.0,159.0,5.23e+16
39.0,165.0,5.23e+16
39.0,171.0,5.23e+16
39.0,177.0,5.23e+16
45.0,-177.0,5.23e+16
45.0,-171.0,5.23e+16
45.0,-165.0,5.23e+16
45.0,-159.0,5.23e+16
45.0,-153.0,5.23e+16
45.0,-147.0,5.23e+16
45.0,-141.0,5.23e+16
45.0,-135.0,5.23e+16
45.0,-129.0,5.23e+16
45.0,-123.0,3.01422e+16
45.0,-117.0,2.01292e+16
45.0,-111.0,2.00969e+16
45.0,-105.0,2.0193800000000004e+16
45.0,-99.0,2.0323e+16
45.0,-93.0,2.15504e+16
45.0,-87.0,3.15957e+16
45.0,-81.0,2.87533e+16
45.0,-75.0,2.19703e+16
45.0,-69.0,3.03037e+16
45.0,-63.0,4.32883e+16
45.0,-57.0,4.99421e+16
45.0,-51.0,5.12664e+16
45.0,-45.0,5.23e+16
45.0,-39.0,5.23e+16
45.0,-33.0,5.23e+16
45.0,-27.0,5.23e+16
45.0,-21.0,5.23e+16
45.0,-15.0,5.23e+16
45.0,-9.0,4.823020000000001e+16
45.0,-3.0,3.76681e+16
45.0,3.0,2.34238e+16
45.0,9.0,2.7752e+16
45.0,15.0,2.8914800000000004e+16
45.0,21.0,2.04845e+16
45.0,27.0,2.46835e+16
45.0,33.0,4.07043e+16
45.0,39.0,3.35337e+16
45.0,45.0,2.20995e+16
45.0,51.0,3.615e+16
45.0,57.0,2.34561e+16
45.0,63.0,2.34561e+16
45.0,69.0,2.0032300000000004e+16
45.0,75.0,2.21964e+16
45.0,81.0,2.09044e+16
45.0,87.0,2.02584e+16
45.0,93.0,2.01292e+16
45.0,99.0,2.00646e+16
45.0,105.0,2e+16
45.0,111.0,2e+16
45.0,117.0,2.01292e+16
45.0,123.0,2.00646e+16
45.0,129.0,2.11951e+16
45.0,135.0,3.06913e+16
45.0,141.0,4.338520000000001e+16
45.0,147.0,5.05235e+16
45.0,153.0,5.21708e+16
45.0,159.0,5.23e+16
45.0,165.0,5.23e+16
45.0,171.0,5.23e+16
45.0,177.0,5.23e+16
51.0,-177.0,5.19124e+16
51.0,-171.0,5.1977e+16
51.0,-165.0,5.19124e+16
51.0,-159.0,5.23e+16
51.0,-153.0,5.23e+16
51.0,-147.0,5.23e+16
51.0,-141.0,5.23e+16
51.0,-135.0,5.15571e+16
51.0,-129.0,4.27392e+16
51.0,-123.0,2.31331e+16
51.0,-117.0,2.0355300000000004e+16
51.0,-111.0,2.0032300000000004e+16
51.0,-105.0,2.03876e+16
51.0,-99.0,2.49419e+16
51.0,-93.0,2.21318e+16
51.0,-87.0,2.29716e+16
51.0,-81.0,2.63954e+16
51.0,-75.0,2.13566e+16
51.0,-69.0,2.33592e+16
51.0,-63.0,3.01745e+16
51.0,-57.0,3.44381e+16
51.0,-51.0,5.17509e+16
51.0,-45.0,5.23e+16
51.0,-39.0,5.23e+16
51.0,-33.0,5.23e+16
51.0,-27.0,5.23e+16
51.0,-21.0,5.23e+16
51.0,-15.0,5.23e+16
51.0,-9.0,4.54201e+16
51.0,-3.0,3.5891600000000004e+16
51.0,3.0,3.17572e+16
51.0,9.0,2.11951e+16
51.0,15.0,2.02261e+16
51.0,21.0,2.00969e+16
51.0,27.0,2.0032300000000004e+16
51.0,33.0,2.04199e+16
51.0,39.0,2e+16
51.0,45.0,2.04845e+16
51.0,51.0,2.0355300000000004e+16
51.0,57.0,2.0032300000000004e+16
51.0,63.0,2.02907e+16
51.0,69.0,2.02907e+16
51.0,75.0,2.02584e+16
51.0,81.0,2.04845e+16
51.0,87.0,2.01615e+16
51.0,93.0,2.08075e+16
51.0,99.0,2.04199e+16
51.0,105.0,2.1938e+16
51.0,111.0,2.08075e+16
51.0,117.0,2.02907e+16
51.0,123.0,2e+16
51.0,129.0,2e+16
51.0,135.0,2.06783e+16
51.0,141.0,3.15957e+16
51.0,147.0,5.21385e+16
51.0,153.0,5.1977e+16
51.0,159.0,4.59369e+16
51.0,165.0,5.23e+16
51.0,171.0,5.21708e+16
51.0,177.0,5.21708e+16
57.0,-177.0,5.23e+16
57.0,-171.0,5.226770000000001e+16
57.0,-165.0,5.08142e+16
57.0,-159.0,4.07689e+16
57.0,-153.0,4.56462e+16
57.0,-147.0,5.20739e+16
57.0,-141.0,5.07819e+16
57.0,-135.0,3.7442e+16
57.0,-129.0,2.18411e+16
57.0,-123.0,2.03876e+16
57.0,-117.0,2.02907e+16
57.0,-111.0,2.20995e+16
57.0,-105.0,2.2907e+16
57.0,-99.0,2.24225e+16
57.0,-93.0,2.98515e+16
57.0,-87.0,4.14472e+16
57.0,-81.0,4.87147e+16
57.0,-75.0,2.44574e+16
57.0,-69.0,2.52972e+16
57.0,-63.0,3.05298e+16
57.0,-57.0,5.0362e+16
57.0,-51.0,5.23e+16
57.0,-45.0,5.21708e+16
57.0,-39.0,5.23e+16
57.0,-33.0,5.23e+16
57.0,-27.0,5.23e+16
57.0,-21.0,5.23e+16
57.0,-15.0,5.23e+16
57.0,-9.0,4.85855e+16
57.0,-3.0,3.97353e+16
57.0,3.0,5.17186e+16
57.0,9.0,3.79265e+16
57.0,15.0,3.37598e+16
57.0,21.0,3.98645e+16
57.0,27.0,2.33592e+16
57.0,33.0,2.0323e+16
57.0,39.0,2.07752e+16
57.0,45.0,2.02907e+16
57.0,51.0,2.05814e+16
57.0,57.0,2.04522e+16
57.0,63.0,2.01615e+16
57.0,69.0,2.0355300000000004e+16
57.0,75.0,2.02907e+16
57.0,81.0,2.04522e+16
57.0,87.0,2.00646e+16
57.0,93.0,2.0193800000000004e+16
57.0,99.0,2.0193800000000004e+16
57.0,105.0,2.02907e+16
57.0,111.0,2.13243e+16
57.0,117.0,2.0032300000000004e+16
57.0,123.0,2e+16
57.0,129.0,2e+16
57.0,135.0,2.26809e+16
57.0,141.0,4.225470000000001e+16
57.0,147.0,4.90377e+16
57.0,153.0,4.83594e+16
57.0,159.0,2.89471e+16
57.0,165.0,4.84886e+16
57.0,171.0,5.226770000000001e+16
57.0,177.0,5.23e+16
63.0,-177.0,4.85209e+16
63.0,-171.0,4.829479999999999e+16
63.0,-165.0,3.66991e+16
63.0,-159.0,2.15181e+16
63.0,-153.0,2.12274e+16
63.0,-147.0,2.22933e+16
63.0,-141.0,2.0193800000000004e+16
63.0,-135.0,2.0193800000000004e+16
63.0,-129.0,2.01292e+16
63.0,-123.0,2.22933e+16
63.0,-117.0,2.43282e+16
63.0,-111.0,2.3876e+16
63.0,-105.0,2.19703e+16
63.0,-99.0,2.32946e+16
63.0,-93.0,3.0982e+16
63.0,-87.0,4.31268e+16
63.0,-81.0,4.78749e+16
63.0,-75.0,3.3792100000000004e+16
63.0,-69.0,3.38244e+16
63.0,-63.0,4.79395e+16
63.0,-57.0,5.23e+16
63.0,-51.0,3.96384e+16
63.0,-45.0,2.3876e+16
63.0,-39.0,4.72289e+16
63.0,-33.0,5.23e+16
63.0,-27.0,5.22354e+16
63.0,-21.0,4.29976e+16
63.0,-15.0,4.54847e+16
63.0,-9.0,5.20739e+16
63.0,-3.0,5.210620000000001e+16
63.0,3.0,5.06527e+16
63.0,9.0,3.3566e+16
63.0,15.0,2.24548e+16
63.0,21.0,3.54394e+16
63.0,27.0,2.66215e+16
63.0,33.0,2.7106e+16
63.0,39.0,2.62339e+16
63.0,45.0,2.00969e+16
63.0,51.0,2.00646e+16
63.0,57.0,2.00646e+16
63.0,63.0,2.0355300000000004e+16
63.0,69.0,2.04199e+16
63.0,75.0,2.02261e+16
63.0,81.0,2.00969e+16
63.0,87.0,2.0323e+16
63.0,93.0,2.00646e+16
63.0,99.0,2e+16
63.0,105.0,2e+16
63.0,111.0,2e+16
63.0,117.0,2.01292e+16
63.0,123.0,2.04522e+16
63.0,129.0,2.04845e+16
63.0,135.0,2.02261e+16
63.0,141.0,2e+16
63.0,147.0,2e+16
63.0,153.0,2.06137e+16
63.0,159.0,2.76551e+16
63.0,165.0,2.31654e+16
63.0,171.0,2.40698e+16
63.0,177.0,3.5181e+16
69.0,-177.0,4.05428e+16
69.0,-171.0,4.94576e+16
69.0,-165.0,4.474179999999999e+16
69.0,-159.0,2.74936e+16
69.0,-153.0,2.7073699999999996e+16
69.0,-147.0,2.969e+16
69.0,-141.0,3.25001e+16
69.0,-135.0,3.49226e+16
69.0,-129.0,3.1531100000000004e+16
69.0,-123.0,3.2693899999999996e+16
69.0,-117.0,3.03037e+16
69.0,-111.0,2.62339e+16
69.0,-105.0,2.84303e+16
69.0,-99.0,3.67637e+16
69.0,-93.0,3.02714e+16
69.0,-87.0,3.1175800000000004e+16
69.0,-81.0,3.49549e+16
69.0,-75.0,3.23386e+16
69.0,-69.0,3.14665e+16
69.0,-63.0,4.70028e+16
69.0,-57.0,5.07819e+16
69.0,-51.0,2.69768e+16
69.0,-45.0,2e+16
69.0,-39.0,2.01292e+16
69.0,-33.0,2.73644e+16
69.0,-27.0,3.69252e+16
69.0,-21.0,4.85532e+16
69.0,-15.0,5.1654e+16
69.0,-9.0,5.22031e+16
69.0,-3.0,5.23e+16
69.0,3.0,5.23e+16
69.0,9.0,5.23e+16
69.0,15.0,4.29007e+16
69.0,21.0,3.06913e+16
69.0,27.0,2.75905e+16
69.0,33.0,3.52133e+16
69.0,39.0,4.235160000000001e+16
69.0,45.0,4.60661e+16
69.0,51.0,3.77327e+16
69.0,57.0,3.51487e+16
69.0,63.0,3.3566e+16
69.0,69.0,2.62985e+16
69.0,75.0,2.9399300000000004e+16
69.0,81.0,2.17765e+16
69.0,87.0,2.10013e+16
69.0,93.0,2.06137e+16
69.0,99.0,2.00646e+16
69.0,105.0,2.0032300000000004e+16
69.0,111.0,2e+16
69.0,117.0,2e+16
69.0,123.0,2.05168e+16
69.0,129.0,2.27778e+16
69.0,135.0,2.26486e+16
69.0,141.0,2.10013e+16
69.0,147.0,2.09367e+16
69.0,153.0,2.56525e+16
69.0,159.0,2.87533e+16
69.0,165.0,3.292e+16
69.0,171.0,3.28877e+16
69.0,177.0,3.24355e+16
75.0,-177.0,5.23e+16
75.0,-171.0,5.23e+16
75.0,-165.0,5.23e+16
75.0,-159.0,5.23e+16
75.0,-153.0,5.23e+16
75.0,-147.0,5.23e+16
75.0,-141.0,5.23e+16
75.0,-135.0,5.23e+16
75.0,-129.0,5.23e+16
75.0,-123.0,4.05428e+16
75.0,-117.0,3.59562e+16
75.0,-111.0,3.98968e+16
75.0,-105.0,4.40958e+16
75.0,-99.0,3.95092e+16
75.0,-93.0,3.7119e+16
75.0,-87.0,3.42443e+16
75.0,-81.0,3.26616e+16
75.0,-75.0,4.942529999999999e+16
75.0,-69.0,4.60661e+16
75.0,-63.0,4.241620000000001e+16
75.0,-57.0,3.21448e+16
75.0,-51.0,2.0032300000000004e+16
75.0,-45.0,2e+16
75.0,-39.0,2e+16
75.0,-33.0,2e+16
75.0,-27.0,2.10982e+16
75.0,-21.0,3.45673e+16
75.0,-15.0,5.21708e+16
75.0,-9.0,5.23e+16
75.0,-3.0,5.23e+16
75.0,3.0,5.23e+16
75.0,9.0,5.23e+16
75.0,15.0,4.90377e+16
75.0,21.0,5.07819e+16
75.0,27.0,5.22354e+16
75.0,33.0,5.23e+16
75.0,39.0,5.23e+16
75.0,45.0,5.23e+16
75.0,51.0,5.08788e+16
75.0,57.0,4.32883e+16
75.0,63.0,4.79718e+16
75.0,69.0,4.73258e+16
75.0,75.0,5.09111e+16
75.0,81.0,4.67767e+16
75.0,87.0,3.82495e+16
75.0,93.0,3.1337300000000004e+16
75.0,99.0,2.98192e+16
75.0,105.0,2.5426400000000004e+16
75.0,111.0,3.23063e+16
75.0,117.0,4.43219e+16
75.0,123.0,4.57108e+16
75.0,129.0,4.85855e+16
75.0,135.0,5.14279e+16
75.0,141.0,4.27392e+16
75.0,147.0,4.85209e+16
75.0,153.0,5.20739e+16
75.0,159.0,5.23e+16
75.0,165.0,5.23e+16
75.0,171.0,5.23e+16
75.0,177.0,5.23e+16
81.0,-177.0,2.407125e+16
81.0,-171.0,2.407125e+16
81.0,-165.0,2.407125e+16
81.0,-159.0,2.407125e+16
81.0,-153.0,2.407125e+16
81.0,-147.0,2.407125e+16
81.0,-141.0,2.407125e+16
81.0,-135.0,2.407125e+16
81.0,-129.0,2.407125e+16
81.0,-123.0,2.407125e+16
81.0,-117.0,2.407125e+16
81.0,-111.0,2.392061375e+16
81.0,-105.0,2.379033375e+16
81.0,-99.0,2.3627483749999996e+16
81.0,-93.0,2.254046e+16
81.0,-87.0,2.19460575e+16
81.0,-81.0,2.11806625e+16
81.0,-75.0,2.1205090000000004e+16
81.0,-69.0,2.17669225e+16
81.0,-63.0,2.15063625e+16
81.0,-57.0,2.1286515e+16
81.0,-51.0,2.1205090000000004e+16
81.0,-45.0,2.08223925e+16
81.0,-39.0,2.047633625e+16
81.0,-33.0,2.042341e+16
81.0,-27.0,2.0789822499999996e+16
81.0,-21.0,2.20926225e+16
81.0,-15.0,2.34605625e+16
81.0,-9.0,2.407125e+16
81.0,-3.0,2.407125e+16
81.0,3.0,2.407125e+16
81.0,9.0,2.396132625e+16
81.0,15.0,2.309415e+16
81.0,21.0,2.316336125e+16
81.0,27.0,2.380661875e+16
81.0,33.0,2.4054965e+16
81.0,39.0,2.407125e+16
81.0,45.0,2.39979675e+16
81.0,51.0,2.3859545e+16
81.0,57.0,2.367633875e+16
81.0,63.0,2.3826975e+16
81.0,69.0,2.407125e+16
81.0,75.0,2.405903625e+16
81.0,81.0,2.4054965e+16
81.0,87.0,2.407125e+16
81.0,93.0,2.33791375e+16
81.0,99.0,2.322035875e+16
81.0,105.0,2.373333625e+16
81.0,111.0,2.407125e+16
81.0,117.0,2.407125e+16
81.0,123.0,2.407125e+16
81.0,129.0,2.407125e+16
81.0,135.0,2.407125e+16
81.0,141.0,2.407125e+16
81.0,147.0,2.407125e+16
81.0,153.0,2.407125e+16
81.0,159.0,2.407125e+16
81.0,165.0,2.407125e+16
81.0,171.0,2.407125e+16
81.0,177.0,2.407125e+16
87.0,-177.0,2.407125e+16
87.0,-171.0,2.407125e+16
87.0,-165.0,2.407125e+16
87.0,-159.0,2.407125e+16
87.0,-153.0,2.407125e+16
87.0,-147.0,2.407125e+16
87.0,-141.0,2.407125e+16
87.0,-135.0,2.407125e+16
87.0,-129.0,2.407125e+16
87.0,-123.0,2.407125e+16
87.0,-117.0,2.407125e+16
87.0,-111.0,2.407125e+16
87.0,-105.0,2.407125e+16
87.0,-99.0,2.407125e+16
87.0,-93.0,2.407125e+16
87.0,-87.0,2.407125e+16
87.0,-81.0,2.407125e+16
87.0,-75.0,2.407125e+16
87.0,-69.0,2.407125e+16
87.0,-63.0,2.407125e+16
87.0,-57.0,2.407125e+16
87.0,-51.0,2.407125e+16
87.0,-45.0,2.407125e+16
87.0,-39.0,2.407125e+16
87.0,-33.0,2.407125e+16
87.0,-27.0,2.407125e+16
87.0,-21.0,2.407125e+16
87.0,-15.0,2.407125e+16
87.0,-9.0,2.407125e+16
87.0,-3.0,2.407125e+16
87.0,3.0,2.407125e+16
87.0,9.0,2.407125e+16
87.0,15.0,2.407125e+16
87.0,21.0,2.407125e+16
87.0,27.0,2.407125e+16
87.0,33.0,2.407125e+16
87.0,39.0,2.407125e+16
87.0,45.0,2.407125e+16
87.0,51.0,2.407125e+16
87.0,57.0,2.407125e+16
87.0,63.0,2.407125e+16
87.0,69.0,2.407125e+16
87.0,75.0,2.407125e+16
87.0,81.0,2.407125e+16
87.0,87.0,2.407125e+16
87.0,93.0,2.407125e+16
87.0,99.0,2.407125e+16
87.0,105.0,2.407125e+16
87.0,111.0,2.407125e+16
87.0,117.0,2.407125e+16
87.0,123.0,2.407125e+16
87.0,129.0,2.407125e+16
87.0,135.0,2.407125e+16
87.0,141.0,2.407125e+16
87.0,147.0,2.407125e+16
87.0,153.0,2.407125e+16
87.0,159.0,2.407125e+16
87.0,165.0,2.407125e+16
87.0,171.0,2.407125e+16
87.0,177.0,2.407125e+16
