latitude;longitude;heat_capacity_J_per_K
-87.0;-177.0;2.2949156717627e+18
-87.0;-171.0;2.3051517847202e+18
-87.0;-165.0;2.3104745634581e+18
-87.0;-159.0;2.2879551149516e+18
-87.0;-153.0;2.2670734445183e+18
-87.0;-147.0;2.266664e+18
-87.0;-141.0;2.266664e+18
-87.0;-135.0;2.266664e+18
-87.0;-129.0;2.266664e+18
-87.0;-123.0;2.266664e+18
-87.0;-117.0;2.266664e+18
-87.0;-111.0;2.266664e+18
-87.0;-105.0;2.266664e+18
-87.0;-99.0;2.266664e+18
-87.0;-93.0;2.266664e+18
-87.0;-87.0;2.266664e+18
-87.0;-81.0;2.266664e+18
-87.0;-75.0;2.266664e+18
-87.0;-69.0;2.266664e+18
-87.0;-63.0;2.266664e+18
-87.0;-57.0;2.266664e+18
-87.0;-51.0;2.266664e+18
-87.0;-45.0;2.266664e+18
-87.0;-39.0;2.266664e+18
-87.0;-33.0;2.266664e+18
-87.0;-27.0;2.266664e+18
-87.0;-21.0;2.266664e+18
-87.0;-15.0;2.266664e+18
-87.0;-9.0;2.266664e+18
-87.0;-3.0;2.266664e+18
-87.0;3.0;2.266664e+18
-87.0;9.0;2.266664e+18
-87.0;15.0;2.266664e+18
-87.0;21.0;2.266664e+18
-87.0;27.0;2.266664e+18
-87.0;33.0;2.266664e+18
-87.0;39.0;2.266664e+18
-87.0;45.0;2.266664e+18
-87.0;51.0;2.266664e+18
-87.0;57.0;2.266664e+18
-87.0;63.0;2.266664e+18
-87.0;69.0;2.266664e+18
-87.0;75.0;2.266664e+18
-87.0;81.0;2.266664e+18
-87.0;87.0;2.266664e+18
-87.0;93.0;2.266664e+18
-87.0;99.0;2.266664e+18
-87.0;105.0;2.266664e+18
-87.0;111.0;2.266664e+18
-87.0;117.0;2.266664e+18
-87.0;123.0;2.266664e+18
-87.0;129.0;2.266664e+18
-87.0;135.0;2.266664e+18
-87.0;141.0;2.266664e+18
-87.0;147.0;2.266664e+18
-87.0;153.0;2.266664e+18
-87.0;159.0;2.266664e+18
-87.0;165.0;2.266664e+18
-87.0;171.0;2.266664e+18
-87.0;177.0;2.2723962232562e+18
-81.0;-177.0;2.6756990737817e+18
-81.0;-171.0;2.6585024040131e+18
-81.0;-165.0;2.6093690618171003e+18
-81.0;-159.0;2.5995423933779e+18
-81.0;-153.0;2.434536252503e+18
-81.0;-147.0;2.2850890033235e+18
-81.0;-141.0;2.266664e+18
-81.0;-135.0;2.266664e+18
-81.0;-129.0;2.266664e+18
-81.0;-123.0;2.266664e+18
-81.0;-117.0;2.266664e+18
-81.0;-111.0;2.266664e+18
-81.0;-105.0;2.266664e+18
-81.0;-99.0;2.266664e+18
-81.0;-93.0;2.266664e+18
-81.0;-87.0;2.266664e+18
-81.0;-81.0;2.3055612292385e+18
-81.0;-75.0;2.422252916954e+18
-81.0;-69.0;2.4328984744298e+18
-81.0;-63.0;2.5364879375597005e+18
-81.0;-57.0;2.5921723920484997e+18
-81.0;-51.0;2.4398590312409e+18
-81.0;-45.0;2.4259379176187003e+18
-81.0;-39.0;2.4738429262598e+18
-81.0;-33.0;2.3546945714345e+18
-81.0;-27.0;2.291230671098e+18
-81.0;-21.0;2.2687112225915e+18
-81.0;-15.0;2.266664e+18
-81.0;-9.0;2.266664e+18
-81.0;-3.0;2.266664e+18
-81.0;3.0;2.266664e+18
-81.0;9.0;2.266664e+18
-81.0;15.0;2.266664e+18
-81.0;21.0;2.266664e+18
-81.0;27.0;2.266664e+18
-81.0;33.0;2.266664e+18
-81.0;39.0;2.266664e+18
-81.0;45.0;2.266664e+18
-81.0;51.0;2.266664e+18
-81.0;57.0;2.266664e+18
-81.0;63.0;2.266664e+18
-81.0;69.0;2.266664e+18
-81.0;75.0;2.266664e+18
-81.0;81.0;2.266664e+18
-81.0;87.0;2.266664e+18
-81.0;93.0;2.266664e+18
-81.0;99.0;2.266664e+18
-81.0;105.0;2.266664e+18
-81.0;111.0;2.266664e+18
-81.0;117.0;2.266664e+18
-81.0;123.0;2.266664e+18
-81.0;129.0;2.266664e+18
-81.0;135.0;2.266664e+18
-81.0;141.0;2.266664e+18
-81.0;147.0;2.266664e+18
-81.0;153.0;2.266664e+18
-81.0;159.0;2.3174351202692e+18
-81.0;165.0;2.5414012717793e+18
-81.0;171.0;2.643352956836e+18
-81.0;177.0;2.6740612957085e+18
-75.0;-177.0;5.92732636e+18
-75.0;-171.0;5.92732636e+18
-75.0;-165.0;5.92732636e+18
-75.0;-159.0;5.73331125492e+18
-75.0;-153.0;5.51001085096e+18
-75.0;-147.0;5.12564130316e+18
-75.0;-141.0;4.35690220756e+18
-75.0;-135.0;3.99815729628e+18
-75.0;-129.0;3.87369477604e+18
-75.0;-123.0;3.70896496984e+18
-75.0;-117.0;3.70164364512e+18
-75.0;-111.0;4.02012127044e+18
-75.0;-105.0;4.12628047888e+18
-75.0;-99.0;3.03174243324e+18
-75.0;-93.0;2.95486852368e+18
-75.0;-87.0;3.00977845908e+18
-75.0;-81.0;3.22941820068e+18
-75.0;-75.0;3.56985980016e+18
-75.0;-69.0;3.6577156968e+18
-75.0;-63.0;4.27636763564e+18
-75.0;-57.0;5.92366569764e+18
-75.0;-51.0;5.92000503528e+18
-75.0;-45.0;5.87607708696e+18
-75.0;-39.0;5.92732636e+18
-75.0;-33.0;5.50268952624e+18
-75.0;-27.0;4.79618169076e+18
-75.0;-21.0;4.40083015588e+18
-75.0;-15.0;3.1452229664e+18
-75.0;-9.0;2.3032706236e+18
-75.0;-3.0;2.266664e+18
-75.0;3.0;2.266664e+18
-75.0;9.0;2.266664e+18
-75.0;15.0;2.266664e+18
-75.0;21.0;2.266664e+18
-75.0;27.0;2.266664e+18
-75.0;33.0;2.266664e+18
-75.0;39.0;2.266664e+18
-75.0;45.0;2.266664e+18
-75.0;51.0;2.266664e+18
-75.0;57.0;2.266664e+18
-75.0;63.0;2.266664e+18
-75.0;69.0;2.4863037416e+18
-75.0;75.0;2.266664e+18
-75.0;81.0;2.266664e+18
-75.0;87.0;2.266664e+18
-75.0;93.0;2.266664e+18
-75.0;99.0;2.266664e+18
-75.0;105.0;2.266664e+18
-75.0;111.0;2.266664e+18
-75.0;117.0;2.266664e+18
-75.0;123.0;2.266664e+18
-75.0;129.0;2.266664e+18
-75.0;135.0;2.266664e+18
-75.0;141.0;2.266664e+18
-75.0;147.0;2.266664e+18
-75.0;153.0;2.266664e+18
-75.0;159.0;2.28130664944e+18
-75.0;165.0;4.30565293452e+18
-75.0;171.0;5.6893833066e+18
-75.0;177.0;5.92732636e+18
-69.0;-177.0;5.92732636e+18
-69.0;-171.0;5.92732636e+18
-69.0;-165.0;5.92732636e+18
-69.0;-159.0;5.92732636e+18
-69.0;-153.0;5.92732636e+18
-69.0;-147.0;5.92732636e+18
-69.0;-141.0;5.92732636e+18
-69.0;-135.0;5.92732636e+18
-69.0;-129.0;5.92732636e+18
-69.0;-123.0;5.92732636e+18
-69.0;-117.0;5.92732636e+18
-69.0;-111.0;5.92732636e+18
-69.0;-105.0;5.92732636e+18
-69.0;-99.0;5.8724164246e+18
-69.0;-93.0;5.92366569764e+18
-69.0;-87.0;5.92732636e+18
-69.0;-81.0;5.92732636e+18
-69.0;-75.0;5.60152740996e+18
-69.0;-69.0;4.34225955812e+18
-69.0;-63.0;4.18119041428e+18
-69.0;-57.0;5.92732636e+18
-69.0;-51.0;5.92732636e+18
-69.0;-45.0;5.92732636e+18
-69.0;-39.0;5.92732636e+18
-69.0;-33.0;5.92732636e+18
-69.0;-27.0;5.92732636e+18
-69.0;-21.0;5.92732636e+18
-69.0;-15.0;5.91634437292e+18
-69.0;-9.0;5.48072555208e+18
-69.0;-3.0;5.50268952624e+18
-69.0;3.0;5.23912183632e+18
-69.0;9.0;5.01216077e+18
-69.0;15.0;4.89501957448e+18
-69.0;21.0;5.103677329e+18
-69.0;27.0;5.15492660204e+18
-69.0;33.0;4.47770406544e+18
-69.0;39.0;4.33127757104e+18
-69.0;45.0;3.39048734452e+18
-69.0;51.0;2.62174824892e+18
-69.0;57.0;2.724246795e+18
-69.0;63.0;3.22941820068e+18
-69.0;69.0;4.5911845986e+18
-69.0;75.0;4.56555996208e+18
-69.0;81.0;3.4417366175600005e+18
-69.0;87.0;2.84870931524e+18
-69.0;93.0;2.6510335478e+18
-69.0;99.0;2.54487433936e+18
-69.0;105.0;2.40576916968e+18
-69.0;111.0;2.49728572868e+18
-69.0;117.0;2.90361925064e+18
-69.0;123.0;2.77183540568e+18
-69.0;129.0;2.66567619724e+18
-69.0;135.0;2.43871513092e+18
-69.0;141.0;2.7425501068e+18
-69.0;147.0;3.5295925142e+18
-69.0;153.0;3.913962062e+18
-69.0;159.0;4.50698936432e+18
-69.0;165.0;5.100016666640001e+18
-69.0;171.0;5.7625965538e+18
-69.0;177.0;5.92732636e+18
-63.0;-177.0;5.92732636e+18
-63.0;-171.0;5.92732636e+18
-63.0;-165.0;5.92732636e+18
-63.0;-159.0;5.92732636e+18
-63.0;-153.0;5.92732636e+18
-63.0;-147.0;5.92732636e+18
-63.0;-141.0;5.92732636e+18
-63.0;-135.0;5.92732636e+18
-63.0;-129.0;5.92732636e+18
-63.0;-123.0;5.92732636e+18
-63.0;-117.0;5.92732636e+18
-63.0;-111.0;5.92732636e+18
-63.0;-105.0;5.92732636e+18
-63.0;-99.0;5.92732636e+18
-63.0;-93.0;5.92732636e+18
-63.0;-87.0;5.92732636e+18
-63.0;-81.0;5.92732636e+18
-63.0;-75.0;5.92732636e+18
-63.0;-69.0;5.92732636e+18
-63.0;-63.0;5.57224211108e+18
-63.0;-57.0;5.77723920324e+18
-63.0;-51.0;5.92732636e+18
-63.0;-45.0;5.92732636e+18
-63.0;-39.0;5.92732636e+18
-63.0;-33.0;5.92732636e+18
-63.0;-27.0;5.92732636e+18
-63.0;-21.0;5.92732636e+18
-63.0;-15.0;5.92732636e+18
-63.0;-9.0;5.92732636e+18
-63.0;-3.0;5.92732636e+18
-63.0;3.0;5.92732636e+18
-63.0;9.0;5.92732636e+18
-63.0;15.0;5.92732636e+18
-63.0;21.0;5.92732636e+18
-63.0;27.0;5.92732636e+18
-63.0;33.0;5.92732636e+18
-63.0;39.0;5.92732636e+18
-63.0;45.0;5.92732636e+18
-63.0;51.0;5.91634437292e+18
-63.0;57.0;5.91634437292e+18
-63.0;63.0;5.92732636e+18
-63.0;69.0;5.92732636e+18
-63.0;75.0;5.92732636e+18
-63.0;81.0;5.92732636e+18
-63.0;87.0;5.92732636e+18
-63.0;93.0;5.92732636e+18
-63.0;99.0;5.89804106112e+18
-63.0;105.0;5.9090230482e+18
-63.0;111.0;5.89804106112e+18
-63.0;117.0;5.92732636e+18
-63.0;123.0;5.92732636e+18
-63.0;129.0;5.92732636e+18
-63.0;135.0;5.92732636e+18
-63.0;141.0;5.92732636e+18
-63.0;147.0;5.92732636e+18
-63.0;153.0;5.92732636e+18
-63.0;159.0;5.92732636e+18
-63.0;165.0;5.92732636e+18
-63.0;171.0;5.92732636e+18
-63.0;177.0;5.92732636e+18
-57.0;-177.0;5.92732636e+18
-57.0;-171.0;5.92732636e+18
-57.0;-165.0;5.92732636e+18
-57.0;-159.0;5.92732636e+18
-57.0;-153.0;5.92732636e+18
-57.0;-147.0;5.92732636e+18
-57.0;-141.0;5.92732636e+18
-57.0;-135.0;5.92732636e+18
-57.0;-129.0;5.92732636e+18
-57.0;-123.0;5.92732636e+18
-57.0;-117.0;5.92732636e+18
-57.0;-111.0;5.92732636e+18
-57.0;-105.0;5.92732636e+18
-57.0;-99.0;5.92732636e+18
-57.0;-93.0;5.92732636e+18
-57.0;-87.0;5.92732636e+18
-57.0;-81.0;5.92732636e+18
-57.0;-75.0;5.90536238584e+18
-57.0;-69.0;5.37456634364e+18
-57.0;-63.0;5.89804106112e+18
-57.0;-57.0;5.92732636e+18
-57.0;-51.0;5.92732636e+18
-57.0;-45.0;5.92732636e+18
-57.0;-39.0;5.87973774932e+18
-57.0;-33.0;5.92366569764e+18
-57.0;-27.0;5.92366569764e+18
-57.0;-21.0;5.92732636e+18
-57.0;-15.0;5.92732636e+18
-57.0;-9.0;5.92732636e+18
-57.0;-3.0;5.92732636e+18
-57.0;3.0;5.92732636e+18
-57.0;9.0;5.92732636e+18
-57.0;15.0;5.92732636e+18
-57.0;21.0;5.92732636e+18
-57.0;27.0;5.92732636e+18
-57.0;33.0;5.92732636e+18
-57.0;39.0;5.92732636e+18
-57.0;45.0;5.92732636e+18
-57.0;51.0;5.92732636e+18
-57.0;57.0;5.92732636e+18
-57.0;63.0;5.92732636e+18
-57.0;69.0;5.92732636e+18
-57.0;75.0;5.92732636e+18
-57.0;81.0;5.92732636e+18
-57.0;87.0;5.92732636e+18
-57.0;93.0;5.92732636e+18
-57.0;99.0;5.92732636e+18
-57.0;105.0;5.92732636e+18
-57.0;111.0;5.92732636e+18
-57.0;117.0;5.92732636e+18
-57.0;123.0;5.92732636e+18
-57.0;129.0;5.92732636e+18
-57.0;135.0;5.92732636e+18
-57.0;141.0;5.92732636e+18
-57.0;147.0;5.92732636e+18
-57.0;153.0;5.92732636e+18
-57.0;159.0;5.92366569764e+18
-57.0;165.0;5.92732636e+18
-57.0;171.0;5.92732636e+18
-57.0;177.0;5.92732636e+18
-51.0;-177.0;5.92732636e+18
-51.0;-171.0;5.92732636e+18
-51.0;-165.0;5.92732636e+18
-51.0;-159.0;5.92732636e+18
-51.0;-153.0;5.92732636e+18
-51.0;-147.0;5.92732636e+18
-51.0;-141.0;5.92732636e+18
-51.0;-135.0;5.92732636e+18
-51.0;-129.0;5.92732636e+18
-51.0;-123.0;5.92732636e+18
-51.0;-117.0;5.92732636e+18
-51.0;-111.0;5.92732636e+18
-51.0;-105.0;5.92732636e+18
-51.0;-99.0;5.92732636e+18
-51.0;-93.0;5.92732636e+18
-51.0;-87.0;5.92732636e+18
-51.0;-81.0;5.92732636e+18
-51.0;-75.0;4.54725665028e+18
-51.0;-69.0;3.76021424288e+18
-51.0;-63.0;5.88705907404e+18
-51.0;-57.0;5.81018516448e+18
-51.0;-51.0;5.92732636e+18
-51.0;-45.0;5.92732636e+18
-51.0;-39.0;5.92732636e+18
-51.0;-33.0;5.92732636e+18
-51.0;-27.0;5.92732636e+18
-51.0;-21.0;5.92732636e+18
-51.0;-15.0;5.92732636e+18
-51.0;-9.0;5.92732636e+18
-51.0;-3.0;5.92732636e+18
-51.0;3.0;5.92732636e+18
-51.0;9.0;5.92732636e+18
-51.0;15.0;5.92732636e+18
-51.0;21.0;5.92732636e+18
-51.0;27.0;5.92732636e+18
-51.0;33.0;5.92732636e+18
-51.0;39.0;5.92732636e+18
-51.0;45.0;5.92732636e+18
-51.0;51.0;5.92732636e+18
-51.0;57.0;5.92732636e+18
-51.0;63.0;5.92732636e+18
-51.0;69.0;5.835809801e+18
-51.0;75.0;5.92000503528e+18
-51.0;81.0;5.92732636e+18
-51.0;87.0;5.92732636e+18
-51.0;93.0;5.92732636e+18
-51.0;99.0;5.92732636e+18
-51.0;105.0;5.92732636e+18
-51.0;111.0;5.92732636e+18
-51.0;117.0;5.92732636e+18
-51.0;123.0;5.92732636e+18
-51.0;129.0;5.92732636e+18
-51.0;135.0;5.92732636e+18
-51.0;141.0;5.92732636e+18
-51.0;147.0;5.92732636e+18
-51.0;153.0;5.92732636e+18
-51.0;159.0;5.92732636e+18
-51.0;165.0;5.92000503528e+18
-51.0;171.0;5.92732636e+18
-51.0;177.0;5.92732636e+18
-45.0;-177.0;5.91634437292e+18
-45.0;-171.0;5.92732636e+18
-45.0;-165.0;5.92732636e+18
-45.0;-159.0;5.92732636e+18
-45.0;-153.0;5.92732636e+18
-45.0;-147.0;5.92732636e+18
-45.0;-141.0;5.92732636e+18
-45.0;-135.0;5.92732636e+18
-45.0;-129.0;5.92732636e+18
-45.0;-123.0;5.92732636e+18
-45.0;-117.0;5.92732636e+18
-45.0;-111.0;5.92732636e+18
-45.0;-105.0;5.92732636e+18
-45.0;-99.0;5.92732636e+18
-45.0;-93.0;5.92732636e+18
-45.0;-87.0;5.92732636e+18
-45.0;-81.0;5.92732636e+18
-45.0;-75.0;4.744932417719999e+18
-45.0;-69.0;2.55219566408e+18
-45.0;-63.0;5.5795634358e+18
-45.0;-57.0;5.92732636e+18
-45.0;-51.0;5.92732636e+18
-45.0;-45.0;5.92732636e+18
-45.0;-39.0;5.92732636e+18
-45.0;-33.0;5.92732636e+18
-45.0;-27.0;5.92732636e+18
-45.0;-21.0;5.92732636e+18
-45.0;-15.0;5.92732636e+18
-45.0;-9.0;5.92732636e+18
-45.0;-3.0;5.92732636e+18
-45.0;3.0;5.92732636e+18
-45.0;9.0;5.92732636e+18
-45.0;15.0;5.92732636e+18
-45.0;21.0;5.92732636e+18
-45.0;27.0;5.92732636e+18
-45.0;33.0;5.92732636e+18
-45.0;39.0;5.92366569764e+18
-45.0;45.0;5.92732636e+18
-45.0;51.0;5.92366569764e+18
-45.0;57.0;5.92732636e+18
-45.0;63.0;5.92732636e+18
-45.0;69.0;5.92732636e+18
-45.0;75.0;5.92732636e+18
-45.0;81.0;5.92732636e+18
-45.0;87.0;5.92732636e+18
-45.0;93.0;5.92732636e+18
-45.0;99.0;5.92732636e+18
-45.0;105.0;5.92732636e+18
-45.0;111.0;5.92732636e+18
-45.0;117.0;5.92732636e+18
-45.0;123.0;5.92732636e+18
-45.0;129.0;5.92732636e+18
-45.0;135.0;5.92732636e+18
-45.0;141.0;5.92732636e+18
-45.0;147.0;5.58322409816e+18
-45.0;153.0;5.92732636e+18
-45.0;159.0;5.92732636e+18
-45.0;165.0;5.73331125492e+18
-45.0;171.0;4.64975519636e+18
-45.0;177.0;5.92732636e+18
-39.0;-177.0;5.92732636e+18
-39.0;-171.0;5.92732636e+18
-39.0;-165.0;5.92732636e+18
-39.0;-159.0;5.92732636e+18
-39.0;-153.0;5.92732636e+18
-39.0;-147.0;5.92732636e+18
-39.0;-141.0;5.92732636e+18
-39.0;-135.0;5.92732636e+18
-39.0;-129.0;5.92732636e+18
-39.0;-123.0;5.92732636e+18
-39.0;-117.0;5.92732636e+18
-39.0;-111.0;5.92732636e+18
-39.0;-105.0;5.92732636e+18
-39.0;-99.0;5.92732636e+18
-39.0;-93.0;5.92732636e+18
-39.0;-87.0;5.92732636e+18
-39.0;-81.0;5.92732636e+18
-39.0;-75.0;5.0853740172e+18
-39.0;-69.0;2.27764598708e+18
-39.0;-63.0;3.24040018776e+18
-39.0;-57.0;5.17322991384e+18
-39.0;-51.0;5.92732636e+18
-39.0;-45.0;5.92732636e+18
-39.0;-39.0;5.92732636e+18
-39.0;-33.0;5.92732636e+18
-39.0;-27.0;5.92732636e+18
-39.0;-21.0;5.92732636e+18
-39.0;-15.0;5.92732636e+18
-39.0;-9.0;5.92732636e+18
-39.0;-3.0;5.92732636e+18
-39.0;3.0;5.92732636e+18
-39.0;9.0;5.92732636e+18
-39.0;15.0;5.92732636e+18
-39.0;21.0;5.92732636e+18
-39.0;27.0;5.92732636e+18
-39.0;33.0;5.92732636e+18
-39.0;39.0;5.92732636e+18
-39.0;45.0;5.92732636e+18
-39.0;51.0;5.92732636e+18
-39.0;57.0;5.92732636e+18
-39.0;63.0;5.92732636e+18
-39.0;69.0;5.92732636e+18
-39.0;75.0;5.92732636e+18
-39.0;81.0;5.92732636e+18
-39.0;87.0;5.92732636e+18
-39.0;93.0;5.92732636e+18
-39.0;99.0;5.92732636e+18
-39.0;105.0;5.92732636e+18
-39.0;111.0;5.92732636e+18
-39.0;117.0;5.92732636e+18
-39.0;123.0;5.92732636e+18
-39.0;129.0;5.92732636e+18
-39.0;135.0;5.92366569764e+18
-39.0;141.0;4.94260818516e+18
-39.0;147.0;4.19217240136e+18
-39.0;153.0;5.92000503528e+18
-39.0;159.0;5.92732636e+18
-39.0;165.0;5.92732636e+18
-39.0;171.0;5.6893833066e+18
-39.0;177.0;4.83644897672e+18
-33.0;-177.0;5.92732636e+18
-33.0;-171.0;5.92732636e+18
-33.0;-165.0;5.92732636e+18
-33.0;-159.0;5.92732636e+18
-33.0;-153.0;5.92732636e+18
-33.0;-147.0;5.92732636e+18
-33.0;-141.0;5.92732636e+18
-33.0;-135.0;5.92732636e+18
-33.0;-129.0;5.92732636e+18
-33.0;-123.0;5.92732636e+18
-33.0;-117.0;5.92732636e+18
-33.0;-111.0;5.92732636e+18
-33.0;-105.0;5.92732636e+18
-33.0;-99.0;5.92732636e+18
-33.0;-93.0;5.92732636e+18
-33.0;-87.0;5.92732636e+18
-33.0;-81.0;5.92732636e+18
-33.0;-75.0;5.8724164246e+18
-33.0;-69.0;2.43505446856e+18
-33.0;-63.0;2.29960996124e+18
-33.0;-57.0;2.76817474332e+18
-33.0;-51.0;5.13296262788e+18
-33.0;-45.0;5.92732636e+18
-33.0;-39.0;5.92732636e+18
-33.0;-33.0;5.92732636e+18
-33.0;-27.0;5.92732636e+18
-33.0;-21.0;5.92732636e+18
-33.0;-15.0;5.92732636e+18
-33.0;-9.0;5.92732636e+18
-33.0;-3.0;5.92732636e+18
-33.0;3.0;5.92732636e+18
-33.0;9.0;5.92732636e+18
-33.0;15.0;5.8541131128e+18
-33.0;21.0;3.3685233703600005e+18
-33.0;27.0;3.96155067268e+18
-33.0;33.0;5.85777377516e+18
-33.0;39.0;5.92732636e+18
-33.0;45.0;5.92732636e+18
-33.0;51.0;5.92732636e+18
-33.0;57.0;5.92732636e+18
-33.0;63.0;5.92732636e+18
-33.0;69.0;5.92732636e+18
-33.0;75.0;5.92732636e+18
-33.0;81.0;5.92732636e+18
-33.0;87.0;5.92732636e+18
-33.0;93.0;5.92732636e+18
-33.0;99.0;5.92732636e+18
-33.0;105.0;5.92732636e+18
-33.0;111.0;5.92732636e+18
-33.0;117.0;3.71628629456e+18
-33.0;123.0;3.77851755468e+18
-33.0;129.0;4.777878378959999e+18
-33.0;135.0;3.8590521266e+18
-33.0;141.0;2.37282320844e+18
-33.0;147.0;2.27032466236e+18
-33.0;153.0;4.79984235312e+18
-33.0;159.0;5.92732636e+18
-33.0;165.0;5.92732636e+18
-33.0;171.0;5.8541131128e+18
-33.0;177.0;5.8907197364e+18
-27.0;-177.0;5.92732636e+18
-27.0;-171.0;5.92732636e+18
-27.0;-165.0;5.92732636e+18
-27.0;-159.0;5.92732636e+18
-27.0;-153.0;5.92732636e+18
-27.0;-147.0;5.92732636e+18
-27.0;-141.0;5.92732636e+18
-27.0;-135.0;5.92732636e+18
-27.0;-129.0;5.92732636e+18
-27.0;-123.0;5.92732636e+18
-27.0;-117.0;5.92732636e+18
-27.0;-111.0;5.92732636e+18
-27.0;-105.0;5.92732636e+18
-27.0;-99.0;5.92732636e+18
-27.0;-93.0;5.92732636e+18
-27.0;-87.0;5.92732636e+18
-27.0;-81.0;5.92732636e+18
-27.0;-75.0;5.92732636e+18
-27.0;-69.0;2.9438865366e+18
-27.0;-63.0;2.266664e+18
-27.0;-57.0;2.31059194832e+18
-27.0;-51.0;2.69130083376e+18
-27.0;-45.0;5.83947046336e+18
-27.0;-39.0;5.92732636e+18
-27.0;-33.0;5.92732636e+18
-27.0;-27.0;5.92732636e+18
-27.0;-21.0;5.92732636e+18
-27.0;-15.0;5.92732636e+18
-27.0;-9.0;5.92732636e+18
-27.0;-3.0;5.92732636e+18
-27.0;3.0;5.92732636e+18
-27.0;9.0;5.92732636e+18
-27.0;15.0;4.43011545476e+18
-27.0;21.0;2.266664e+18
-27.0;27.0;2.28130664944e+18
-27.0;33.0;4.16288710248e+18
-27.0;39.0;5.92732636e+18
-27.0;45.0;5.47706488972e+18
-27.0;51.0;5.92732636e+18
-27.0;57.0;5.92732636e+18
-27.0;63.0;5.92732636e+18
-27.0;69.0;5.92732636e+18
-27.0;75.0;5.92732636e+18
-27.0;81.0;5.92732636e+18
-27.0;87.0;5.92732636e+18
-27.0;93.0;5.92732636e+18
-27.0;99.0;5.92732636e+18
-27.0;105.0;5.92732636e+18
-27.0;111.0;5.82116715156e+18
-27.0;117.0;2.43505446856e+18
-27.0;123.0;2.266664e+18
-27.0;129.0;2.266664e+18
-27.0;135.0;2.266664e+18
-27.0;141.0;2.266664e+18
-27.0;147.0;2.266664e+18
-27.0;153.0;4.04940656932e+18
-27.0;159.0;5.92732636e+18
-27.0;165.0;5.92732636e+18
-27.0;171.0;5.92732636e+18
-27.0;177.0;5.92732636e+18
-21.0;-177.0;5.92000503528e+18
-21.0;-171.0;5.92366569764e+18
-21.0;-165.0;5.92732636e+18
-21.0;-159.0;5.92732636e+18
-21.0;-153.0;5.92732636e+18
-21.0;-147.0;5.92732636e+18
-21.0;-141.0;5.92732636e+18
-21.0;-135.0;5.92732636e+18
-21.0;-129.0;5.92732636e+18
-21.0;-123.0;5.92732636e+18
-21.0;-117.0;5.92732636e+18
-21.0;-111.0;5.92732636e+18
-21.0;-105.0;5.92732636e+18
-21.0;-99.0;5.92732636e+18
-21.0;-93.0;5.92732636e+18
-21.0;-87.0;5.92732636e+18
-21.0;-81.0;5.92732636e+18
-21.0;-75.0;5.92732636e+18
-21.0;-69.0;3.33557740912e+18
-21.0;-63.0;2.266664e+18
-21.0;-57.0;2.266664e+18
-21.0;-51.0;2.27398532472e+18
-21.0;-45.0;2.62174824892e+18
-21.0;-39.0;5.17322991384e+18
-21.0;-33.0;5.92732636e+18
-21.0;-27.0;5.92732636e+18
-21.0;-21.0;5.92732636e+18
-21.0;-15.0;5.92732636e+18
-21.0;-9.0;5.92732636e+18
-21.0;-3.0;5.92732636e+18
-21.0;3.0;5.92732636e+18
-21.0;9.0;5.92366569764e+18
-21.0;15.0;3.18182959e+18
-21.0;21.0;2.266664e+18
-21.0;27.0;2.266664e+18
-21.0;33.0;2.64005156072e+18
-21.0;39.0;5.86875576224e+18
-21.0;45.0;3.45271860464e+18
-21.0;51.0;5.60518807232e+18
-21.0;57.0;5.88705907404e+18
-21.0;63.0;5.92732636e+18
-21.0;69.0;5.92732636e+18
-21.0;75.0;5.92732636e+18
-21.0;81.0;5.92732636e+18
-21.0;87.0;5.92732636e+18
-21.0;93.0;5.92732636e+18
-21.0;99.0;5.92732636e+18
-21.0;105.0;5.92732636e+18
-21.0;111.0;5.87607708696e+18
-21.0;117.0;4.0237819328e+18
-21.0;123.0;2.57049897588e+18
-21.0;129.0;2.266664e+18
-21.0;135.0;2.266664e+18
-21.0;141.0;2.266664e+18
-21.0;147.0;3.13058031696e+18
-21.0;153.0;5.77357854088e+18
-21.0;159.0;5.92732636e+18
-21.0;165.0;5.7625965538e+18
-21.0;171.0;5.9090230482e+18
-21.0;177.0;5.89438039876e+18
-15.0;-177.0;5.92000503528e+18
-15.0;-171.0;5.90170172348e+18
-15.0;-165.0;5.92732636e+18
-15.0;-159.0;5.92732636e+18
-15.0;-153.0;5.92366569764e+18
-15.0;-147.0;5.91634437292e+18
-15.0;-141.0;5.92732636e+18
-15.0;-135.0;5.92732636e+18
-15.0;-129.0;5.92732636e+18
-15.0;-123.0;5.92732636e+18
-15.0;-117.0;5.92732636e+18
-15.0;-111.0;5.92732636e+18
-15.0;-105.0;5.92732636e+18
-15.0;-99.0;5.92732636e+18
-15.0;-93.0;5.92732636e+18
-15.0;-87.0;5.92732636e+18
-15.0;-81.0;5.92732636e+18
-15.0;-75.0;4.21047571316e+18
-15.0;-69.0;2.40210850732e+18
-15.0;-63.0;2.27398532472e+18
-15.0;-57.0;2.266664e+18
-15.0;-51.0;2.266664e+18
-15.0;-45.0;2.266664e+18
-15.0;-39.0;4.005478621e+18
-15.0;-33.0;5.92732636e+18
-15.0;-27.0;5.92732636e+18
-15.0;-21.0;5.92732636e+18
-15.0;-15.0;5.92732636e+18
-15.0;-9.0;5.92732636e+18
-15.0;-3.0;5.92732636e+18
-15.0;3.0;5.92732636e+18
-15.0;9.0;5.87973774932e+18
-15.0;15.0;2.51192837812e+18
-15.0;21.0;2.266664e+18
-15.0;27.0;2.30693128596e+18
-15.0;33.0;2.42041181912e+18
-15.0;39.0;3.50396787768e+18
-15.0;45.0;4.99019679584e+18
-15.0;51.0;4.924304873359999e+18
-15.0;57.0;5.92732636e+18
-15.0;63.0;5.92732636e+18
-15.0;69.0;5.92732636e+18
-15.0;75.0;5.92732636e+18
-15.0;81.0;5.92732636e+18
-15.0;87.0;5.92732636e+18
-15.0;93.0;5.92732636e+18
-15.0;99.0;5.92732636e+18
-15.0;105.0;5.92732636e+18
-15.0;111.0;5.92732636e+18
-15.0;117.0;5.92732636e+18
-15.0;123.0;5.15492660204e+18
-15.0;129.0;3.35754138328e+18
-15.0;135.0;3.0537064074e+18
-15.0;141.0;4.26538564856e+18
-15.0;147.0;5.3599236942e+18
-15.0;153.0;5.92732636e+18
-15.0;159.0;5.92732636e+18
-15.0;165.0;5.86143443752e+18
-15.0;171.0;5.90170172348e+18
-15.0;177.0;5.80652450212e+18
-9.0;-177.0;5.92732636e+18
-9.0;-171.0;5.92732636e+18
-9.0;-165.0;5.92732636e+18
-9.0;-159.0;5.92732636e+18
-9.0;-153.0;5.92732636e+18
-9.0;-147.0;5.92732636e+18
-9.0;-141.0;5.92000503528e+18
-9.0;-135.0;5.92732636e+18
-9.0;-129.0;5.92732636e+18
-9.0;-123.0;5.92732636e+18
-9.0;-117.0;5.92732636e+18
-9.0;-111.0;5.92732636e+18
-9.0;-105.0;5.92732636e+18
-9.0;-99.0;5.92732636e+18
-9.0;-93.0;5.92732636e+18
-9.0;-87.0;5.92732636e+18
-9.0;-81.0;5.39286965544e+18
-9.0;-75.0;2.34353790956e+18
-9.0;-69.0;2.266664e+18
-9.0;-63.0;2.266664e+18
-9.0;-57.0;2.266664e+18
-9.0;-51.0;2.266664e+18
-9.0;-45.0;2.266664e+18
-9.0;-39.0;2.45701844272e+18
-9.0;-33.0;5.55759946164e+18
-9.0;-27.0;5.92732636e+18
-9.0;-21.0;5.92732636e+18
-9.0;-15.0;5.92732636e+18
-9.0;-9.0;5.92732636e+18
-9.0;-3.0;5.92732636e+18
-9.0;3.0;5.92732636e+18
-9.0;9.0;5.92732636e+18
-9.0;15.0;3.02808177088e+18
-9.0;21.0;2.266664e+18
-9.0;27.0;2.39844784496e+18
-9.0;33.0;2.51558904048e+18
-9.0;39.0;3.63575172264e+18
-9.0;45.0;5.91634437292e+18
-9.0;51.0;5.92732636e+18
-9.0;57.0;5.92732636e+18
-9.0;63.0;5.92732636e+18
-9.0;69.0;5.92732636e+18
-9.0;75.0;5.92732636e+18
-9.0;81.0;5.92732636e+18
-9.0;87.0;5.92732636e+18
-9.0;93.0;5.92732636e+18
-9.0;99.0;5.92732636e+18
-9.0;105.0;5.6344733712e+18
-9.0;111.0;5.16956925148e+18
-9.0;117.0;5.60884873468e+18
-9.0;123.0;5.51001085096e+18
-9.0;129.0;5.74063257964e+18
-9.0;135.0;5.79554251504e+18
-9.0;141.0;4.30199227216e+18
-9.0;147.0;4.7559144048e+18
-9.0;153.0;5.76991787852e+18
-9.0;159.0;5.7076866184e+18
-9.0;165.0;5.91268371056e+18
-9.0;171.0;5.92732636e+18
-9.0;177.0;5.92732636e+18
-3.0;-177.0;5.92732636e+18
-3.0;-171.0;5.92732636e+18
-3.0;-165.0;5.92732636e+18
-3.0;-159.0;5.92732636e+18
-3.0;-153.0;5.92732636e+18
-3.0;-147.0;5.92732636e+18
-3.0;-141.0;5.92732636e+18
-3.0;-135.0;5.92732636e+18
-3.0;-129.0;5.92732636e+18
-3.0;-123.0;5.92732636e+18
-3.0;-117.0;5.92732636e+18
-3.0;-111.0;5.92732636e+18
-3.0;-105.0;5.92732636e+18
-3.0;-99.0;5.92732636e+18
-3.0;-93.0;5.8724164246e+18
-3.0;-87.0;5.92366569764e+18
-3.0;-81.0;4.280028298e+18
-3.0;-75.0;2.27032466236e+18
-3.0;-69.0;2.30693128596e+18
-3.0;-63.0;2.37282320844e+18
-3.0;-57.0;2.3398772472e+18
-3.0;-51.0;2.49362506632e+18
-3.0;-45.0;3.32093475968e+18
-3.0;-39.0;4.53993532556e+18
-3.0;-33.0;5.86143443752e+18
-3.0;-27.0;5.92732636e+18
-3.0;-21.0;5.92732636e+18
-3.0;-15.0;5.92732636e+18
-3.0;-9.0;5.92732636e+18
-3.0;-3.0;5.92732636e+18
-3.0;3.0;5.92732636e+18
-3.0;9.0;4.96457215932e+18
-3.0;15.0;2.3215739354e+18
-3.0;21.0;2.28862797416e+18
-3.0;27.0;2.42773314384e+18
-3.0;33.0;2.80844202928e+18
-3.0;39.0;3.21111488888e+18
-3.0;45.0;5.87973774932e+18
-3.0;51.0;5.92732636e+18
-3.0;57.0;5.92366569764e+18
-3.0;63.0;5.92732636e+18
-3.0;69.0;5.92732636e+18
-3.0;75.0;5.92732636e+18
-3.0;81.0;5.92732636e+18
-3.0;87.0;5.92732636e+18
-3.0;93.0;5.92732636e+18
-3.0;99.0;5.42215495432e+18
-3.0;105.0;4.21413637552e+18
-3.0;111.0;4.55091731264e+18
-3.0;117.0;4.5179713514e+18
-3.0;123.0;5.045106731240001e+18
-3.0;129.0;5.49170753916e+18
-3.0;135.0;4.44109744184e+18
-3.0;141.0;3.90298007492e+18
-3.0;147.0;5.44411892848e+18
-3.0;153.0;5.64179469592e+18
-3.0;159.0;5.92732636e+18
-3.0;165.0;5.92732636e+18
-3.0;171.0;5.92732636e+18
-3.0;177.0;5.92732636e+18
3.0;-177.0;5.92732636e+18
3.0;-171.0;5.92732636e+18
3.0;-165.0;5.92732636e+18
3.0;-159.0;5.92366569764e+18
3.0;-153.0;5.92732636e+18
3.0;-147.0;5.92732636e+18
3.0;-141.0;5.92732636e+18
3.0;-135.0;5.92732636e+18
3.0;-129.0;5.92732636e+18
3.0;-123.0;5.92732636e+18
3.0;-117.0;5.92732636e+18
3.0;-111.0;5.92732636e+18
3.0;-105.0;5.92732636e+18
3.0;-99.0;5.92732636e+18
3.0;-93.0;5.92366569764e+18
3.0;-87.0;5.92732636e+18
3.0;-81.0;5.60152740996e+18
3.0;-75.0;2.47532175452e+18
3.0;-69.0;2.266664e+18
3.0;-63.0;2.266664e+18
3.0;-57.0;2.3032706236e+18
3.0;-51.0;4.21047571316e+18
3.0;-45.0;5.92732636e+18
3.0;-39.0;5.92732636e+18
3.0;-33.0;5.92732636e+18
3.0;-27.0;5.92732636e+18
3.0;-21.0;5.92732636e+18
3.0;-15.0;5.92732636e+18
3.0;-9.0;5.44411892848e+18
3.0;-3.0;5.38920899308e+18
3.0;3.0;5.7992031774e+18
3.0;9.0;3.88101610076e+18
3.0;15.0;2.27032466236e+18
3.0;21.0;2.31059194832e+18
3.0;27.0;2.27032466236e+18
3.0;33.0;2.3764838708e+18
3.0;39.0;2.3215739354e+18
3.0;45.0;3.38682668216e+18
3.0;51.0;5.8541131128e+18
3.0;57.0;5.92732636e+18
3.0;63.0;5.92732636e+18
3.0;69.0;5.92732636e+18
3.0;75.0;5.92732636e+18
3.0;81.0;5.92366569764e+18
3.0;87.0;5.92732636e+18
3.0;93.0;5.85045245044e+18
3.0;99.0;4.10797716708e+18
3.0;105.0;5.09269534192e+18
3.0;111.0;4.62413055984e+18
3.0;117.0;3.61744841084e+18
3.0;123.0;5.58322409816e+18
3.0;129.0;5.7625965538e+18
3.0;135.0;5.92732636e+18
3.0;141.0;5.92732636e+18
3.0;147.0;5.92732636e+18
3.0;153.0;5.92732636e+18
3.0;159.0;5.92732636e+18
3.0;165.0;5.92732636e+18
3.0;171.0;5.92366569764e+18
3.0;177.0;5.92732636e+18
9.0;-177.0;5.92732636e+18
9.0;-171.0;5.92732636e+18
9.0;-165.0;5.92732636e+18
9.0;-159.0;5.92732636e+18
9.0;-153.0;5.92732636e+18
9.0;-147.0;5.92732636e+18
9.0;-141.0;5.92732636e+18
9.0;-135.0;5.92732636e+18
9.0;-129.0;5.92732636e+18
9.0;-123.0;5.92732636e+18
9.0;-117.0;5.92732636e+18
9.0;-111.0;5.92732636e+18
9.0;-105.0;5.92732636e+18
9.0;-99.0;5.92732636e+18
9.0;-93.0;5.92732636e+18
9.0;-87.0;5.53929614984e+18
9.0;-81.0;5.16590858912e+18
9.0;-75.0;3.3831660198e+18
9.0;-69.0;2.95486852368e+18
9.0;-63.0;3.48200390352e+18
9.0;-57.0;5.53929614984e+18
9.0;-51.0;5.92732636e+18
9.0;-45.0;5.92732636e+18
9.0;-39.0;5.92732636e+18
9.0;-33.0;5.92732636e+18
9.0;-27.0;5.92732636e+18
9.0;-21.0;5.92732636e+18
9.0;-15.0;4.9755541464e+18
9.0;-9.0;2.38014453316e+18
9.0;-3.0;2.31791327304e+18
9.0;3.0;2.44237579328e+18
9.0;9.0;2.27764598708e+18
9.0;15.0;2.27032466236e+18
9.0;21.0;2.266664e+18
9.0;27.0;2.266664e+18
9.0;33.0;2.27032466236e+18
9.0;39.0;2.3032706236e+18
9.0;45.0;2.86335196468e+18
9.0;51.0;4.65707652108e+18
9.0;57.0;5.92732636e+18
9.0;63.0;5.92732636e+18
9.0;69.0;5.92732636e+18
9.0;75.0;5.22447918688e+18
9.0;81.0;4.91698354864e+18
9.0;87.0;5.92732636e+18
9.0;93.0;5.89438039876e+18
9.0;99.0;5.16956925148e+18
9.0;105.0;4.93528686044e+18
9.0;111.0;5.82116715156e+18
9.0;117.0;5.71134728076e+18
9.0;123.0;4.81814566492e+18
9.0;129.0;5.82116715156e+18
9.0;135.0;5.92366569764e+18
9.0;141.0;5.92732636e+18
9.0;147.0;5.92732636e+18
9.0;153.0;5.92732636e+18
9.0;159.0;5.92366569764e+18
9.0;165.0;5.92732636e+18
9.0;171.0;5.92732636e+18
9.0;177.0;5.92732636e+18
15.0;-177.0;5.92732636e+18
15.0;-171.0;5.92732636e+18
15.0;-165.0;5.92732636e+18
15.0;-159.0;5.92732636e+18
15.0;-153.0;5.92732636e+18
15.0;-147.0;5.92732636e+18
15.0;-141.0;5.92732636e+18
15.0;-135.0;5.92732636e+18
15.0;-129.0;5.92732636e+18
15.0;-123.0;5.92732636e+18
15.0;-117.0;5.92732636e+18
15.0;-111.0;5.92732636e+18
15.0;-105.0;5.92366569764e+18
15.0;-99.0;5.0487673936e+18
15.0;-93.0;4.16288710248e+18
15.0;-87.0;3.62843039792e+18
15.0;-81.0;5.744293242e+18
15.0;-75.0;5.90170172348e+18
15.0;-69.0;5.86509509988e+18
15.0;-63.0;5.87607708696e+18
15.0;-57.0;5.92366569764e+18
15.0;-51.0;5.92732636e+18
15.0;-45.0;5.92732636e+18
15.0;-39.0;5.92732636e+18
15.0;-33.0;5.92732636e+18
15.0;-27.0;5.9090230482e+18
15.0;-21.0;5.9090230482e+18
15.0;-15.0;3.1415623040399995e+18
15.0;-9.0;2.27032466236e+18
15.0;-3.0;2.29594929888e+18
15.0;3.0;2.27032466236e+18
15.0;9.0;2.266664e+18
15.0;15.0;2.36916254608e+18
15.0;21.0;2.266664e+18
15.0;27.0;2.266664e+18
15.0;33.0;2.266664e+18
15.0;39.0;3.19647223944e+18
15.0;45.0;3.2147755512399995e+18
15.0;51.0;4.280028298e+18
15.0;57.0;5.76991787852e+18
15.0;63.0;5.92732636e+18
15.0;69.0;5.92732636e+18
15.0;75.0;3.5295925142e+18
15.0;81.0;4.1152984918e+18
15.0;87.0;5.92732636e+18
15.0;93.0;5.55759946164e+18
15.0;99.0;3.45271860464e+18
15.0;105.0;2.49362506632e+18
15.0;111.0;5.47706488972e+18
15.0;117.0;5.91268371056e+18
15.0;123.0;4.906001561559999e+18
15.0;129.0;5.92732636e+18
15.0;135.0;5.92732636e+18
15.0;141.0;5.92732636e+18
15.0;147.0;5.92000503528e+18
15.0;153.0;5.92732636e+18
15.0;159.0;5.92732636e+18
15.0;165.0;5.92732636e+18
15.0;171.0;5.92732636e+18
15.0;177.0;5.92732636e+18
21.0;-177.0;5.92732636e+18
21.0;-171.0;5.92732636e+18
21.0;-165.0;5.92732636e+18
21.0;-159.0;5.86875576224e+18
21.0;-153.0;5.835809801e+18
21.0;-147.0;5.92732636e+18
21.0;-141.0;5.92732636e+18
21.0;-135.0;5.92732636e+18
21.0;-129.0;5.92732636e+18
21.0;-123.0;5.92732636e+18
21.0;-117.0;5.92732636e+18
21.0;-111.0;5.83947046336e+18
21.0;-105.0;3.92494404908e+18
21.0;-99.0;2.9255832248e+18
21.0;-93.0;5.43679760376e+18
21.0;-87.0;5.00117878292e+18
21.0;-81.0;5.37456634364e+18
21.0;-75.0;5.21715786216e+18
21.0;-69.0;5.41849429196e+18
21.0;-63.0;5.9090230482e+18
21.0;-57.0;5.92732636e+18
21.0;-51.0;5.92732636e+18
21.0;-45.0;5.92732636e+18
21.0;-39.0;5.92732636e+18
21.0;-33.0;5.92732636e+18
21.0;-27.0;5.92732636e+18
21.0;-21.0;5.92732636e+18
21.0;-15.0;3.2550428372e+18
21.0;-9.0;2.266664e+18
21.0;-3.0;2.266664e+18
21.0;3.0;2.266664e+18
21.0;9.0;2.266664e+18
21.0;15.0;2.266664e+18
21.0;21.0;2.266664e+18
21.0;27.0;2.266664e+18
21.0;33.0;2.34719857192e+18
21.0;39.0;3.98351464684e+18
21.0;45.0;2.266664e+18
21.0;51.0;2.27032466236e+18
21.0;57.0;3.2587034995600005e+18
21.0;63.0;5.92732636e+18
21.0;69.0;5.0487673936e+18
21.0;75.0;2.58148096296e+18
21.0;81.0;2.27764598708e+18
21.0;87.0;3.86637345132e+18
21.0;93.0;3.59914509904e+18
21.0;99.0;2.266664e+18
21.0;105.0;2.8523699776e+18
21.0;111.0;4.15556577776e+18
21.0;117.0;5.53929614984e+18
21.0;123.0;5.64179469592e+18
21.0;129.0;5.92732636e+18
21.0;135.0;5.92732636e+18
21.0;141.0;5.92732636e+18
21.0;147.0;5.92732636e+18
21.0;153.0;5.92732636e+18
21.0;159.0;5.92732636e+18
21.0;165.0;5.92732636e+18
21.0;171.0;5.92732636e+18
21.0;177.0;5.92732636e+18
27.0;-177.0;5.92732636e+18
27.0;-171.0;5.92732636e+18
27.0;-165.0;5.92732636e+18
27.0;-159.0;5.92732636e+18
27.0;-153.0;5.92732636e+18
27.0;-147.0;5.92732636e+18
27.0;-141.0;5.92732636e+18
27.0;-135.0;5.92732636e+18
27.0;-129.0;5.92732636e+18
27.0;-123.0;5.92732636e+18
27.0;-117.0;5.74063257964e+18
27.0;-111.0;3.9505686856e+18
27.0;-105.0;2.3032706236e+18
27.0;-99.0;2.91460123772e+18
27.0;-93.0;5.5795634358e+18
27.0;-87.0;5.86143443752e+18
27.0;-81.0;4.979214808759999e+18
27.0;-75.0;5.87973774932e+18
27.0;-69.0;5.92732636e+18
27.0;-63.0;5.92732636e+18
27.0;-57.0;5.92732636e+18
27.0;-51.0;5.92732636e+18
27.0;-45.0;5.92732636e+18
27.0;-39.0;5.92732636e+18
27.0;-33.0;5.92732636e+18
27.0;-27.0;5.92732636e+18
27.0;-21.0;5.92732636e+18
27.0;-15.0;4.94260818516e+18
27.0;-9.0;2.53023168992e+18
27.0;-3.0;2.266664e+18
27.0;3.0;2.266664e+18
27.0;9.0;2.266664e+18
27.0;15.0;2.266664e+18
27.0;21.0;2.266664e+18
27.0;27.0;2.266664e+18
27.0;33.0;2.9621898484e+18
27.0;39.0;2.54487433936e+18
27.0;45.0;2.27032466236e+18
27.0;51.0;4.02012127044e+18
27.0;57.0;3.3099527726e+18
27.0;63.0;3.0354030956e+18
27.0;69.0;2.43505446856e+18
27.0;75.0;2.27032466236e+18
27.0;81.0;2.27032466236e+18
27.0;87.0;2.29228863652e+18
27.0;93.0;2.27764598708e+18
27.0;99.0;2.27032466236e+18
27.0;105.0;2.27032466236e+18
27.0;111.0;2.28130664944e+18
27.0;117.0;2.55585632644e+18
27.0;123.0;5.378227006e+18
27.0;129.0;5.90170172348e+18
27.0;135.0;5.92732636e+18
27.0;141.0;5.92732636e+18
27.0;147.0;5.92732636e+18
27.0;153.0;5.92732636e+18
27.0;159.0;5.92732636e+18
27.0;165.0;5.92732636e+18
27.0;171.0;5.92732636e+18
27.0;177.0;5.92732636e+18
33.0;-177.0;5.92732636e+18
33.0;-171.0;5.92732636e+18
33.0;-165.0;5.92732636e+18
33.0;-159.0;5.92732636e+18
33.0;-153.0;5.92732636e+18
33.0;-147.0;5.92732636e+18
33.0;-141.0;5.92732636e+18
33.0;-135.0;5.92732636e+18
33.0;-129.0;5.92732636e+18
33.0;-123.0;5.78456052796e+18
33.0;-117.0;3.70164364512e+18
33.0;-111.0;2.4130904944e+18
33.0;-105.0;2.27032466236e+18
33.0;-99.0;2.27398532472e+18
33.0;-93.0;2.28862797416e+18
33.0;-87.0;2.42041181912e+18
33.0;-81.0;3.27700681136e+18
33.0;-75.0;5.66375867008e+18
33.0;-69.0;5.92732636e+18
33.0;-63.0;5.92732636e+18
33.0;-57.0;5.92732636e+18
33.0;-51.0;5.92732636e+18
33.0;-45.0;5.92732636e+18
33.0;-39.0;5.92732636e+18
33.0;-33.0;5.92732636e+18
33.0;-27.0;5.92732636e+18
33.0;-21.0;5.92732636e+18
33.0;-15.0;5.92000503528e+18
33.0;-9.0;4.6094879104e+18
33.0;-3.0;2.64005156072e+18
33.0;3.0;2.266664e+18
33.0;9.0;2.63639089836e+18
33.0;15.0;4.6827011576e+18
33.0;21.0;4.777878378959999e+18
33.0;27.0;5.00483944528e+18
33.0;33.0;4.7559144048e+18
33.0;39.0;2.266664e+18
33.0;45.0;2.31059194832e+18
33.0;51.0;2.29228863652e+18
33.0;57.0;2.266664e+18
33.0;63.0;2.266664e+18
33.0;69.0;2.266664e+18
33.0;75.0;2.27032466236e+18
33.0;81.0;2.31059194832e+18
33.0;87.0;2.358180559e+18
33.0;93.0;2.3215739354e+18
33.0;99.0;2.27398532472e+18
33.0;105.0;2.266664e+18
33.0;111.0;2.266664e+18
33.0;117.0;2.43505446856e+18
33.0;123.0;5.4514402532e+18
33.0;129.0;5.07439203012e+18
33.0;135.0;4.94992950988e+18
33.0;141.0;5.67474065716e+18
33.0;147.0;5.92732636e+18
33.0;153.0;5.92732636e+18
33.0;159.0;5.92732636e+18
33.0;165.0;5.92732636e+18
33.0;171.0;5.92732636e+18
33.0;177.0;5.92732636e+18
39.0;-177.0;5.92732636e+18
39.0;-171.0;5.92732636e+18
39.0;-165.0;5.92732636e+18
39.0;-159.0;5.92732636e+18
39.0;-153.0;5.92732636e+18
39.0;-147.0;5.92732636e+18
39.0;-141.0;5.92732636e+18
39.0;-135.0;5.92732636e+18
39.0;-129.0;5.92732636e+18
39.0;-123.0;3.94690802324e+18
39.0;-117.0;2.2849673118e+18
39.0;-111.0;2.31059194832e+18
39.0;-105.0;2.27032466236e+18
39.0;-99.0;2.266664e+18
39.0;-93.0;2.266664e+18
39.0;-87.0;2.30693128596e+18
39.0;-81.0;2.38380519552e+18
39.0;-75.0;3.92860471144e+18
39.0;-69.0;5.835809801e+18
39.0;-63.0;5.92732636e+18
39.0;-57.0;5.92732636e+18
39.0;-51.0;5.92732636e+18
39.0;-45.0;5.92732636e+18
39.0;-39.0;5.92732636e+18
39.0;-33.0;5.92732636e+18
39.0;-27.0;5.90536238584e+18
39.0;-21.0;5.92732636e+18
39.0;-15.0;5.92732636e+18
39.0;-9.0;4.44109744184e+18
39.0;-3.0;2.88531593884e+18
39.0;3.0;5.18787256328e+18
39.0;9.0;5.14394461496e+18
39.0;15.0;4.8840375874e+18
39.0;21.0;4.29101028508e+18
39.0;27.0;3.99449663392e+18
39.0;33.0;2.81210269164e+18
39.0;39.0;2.78647805512e+18
39.0;45.0;2.3764838708e+18
39.0;51.0;4.554577975e+18
39.0;57.0;2.31059194832e+18
39.0;63.0;2.27032466236e+18
39.0;69.0;2.27764598708e+18
39.0;75.0;2.27764598708e+18
39.0;81.0;2.266664e+18
39.0;87.0;2.2849673118e+18
39.0;93.0;2.28130664944e+18
39.0;99.0;2.3215739354e+18
39.0;105.0;2.266664e+18
39.0;111.0;2.27398532472e+18
39.0;117.0;2.65469421016e+18
39.0;123.0;4.22877902496e+18
39.0;129.0;4.25440366148e+18
39.0;135.0;5.75893589144e+18
39.0;141.0;4.80350301548e+18
39.0;147.0;5.92732636e+18
39.0;153.0;5.92732636e+18
39.0;159.0;5.92732636e+18
39.0;165.0;5.92732636e+18
39.0;171.0;5.92732636e+18
39.0;177.0;5.92732636e+18
45.0;-177.0;5.92732636e+18
45.0;-171.0;5.92732636e+18
45.0;-165.0;5.92732636e+18
45.0;-159.0;5.92732636e+18
45.0;-153.0;5.92732636e+18
45.0;-147.0;5.92732636e+18
45.0;-141.0;5.92732636e+18
45.0;-135.0;5.92732636e+18
45.0;-129.0;5.92732636e+18
45.0;-123.0;3.41611198104e+18
45.0;-117.0;2.28130664944e+18
45.0;-111.0;2.27764598708e+18
45.0;-105.0;2.28862797416e+18
45.0;-99.0;2.3032706236e+18
45.0;-93.0;2.44237579328e+18
45.0;-87.0;3.5808417872399995e+18
45.0;-81.0;3.2587034995600005e+18
45.0;-75.0;2.48996440396e+18
45.0;-69.0;3.4344152928399995e+18
45.0;-63.0;4.906001561559999e+18
45.0;-57.0;5.66009800772e+18
45.0;-51.0;5.81018516448e+18
45.0;-45.0;5.92732636e+18
45.0;-39.0;5.92732636e+18
45.0;-33.0;5.92732636e+18
45.0;-27.0;5.92732636e+18
45.0;-21.0;5.92732636e+18
45.0;-15.0;5.92732636e+18
45.0;-9.0;5.46608290264e+18
45.0;-3.0;4.26904631092e+18
45.0;3.0;2.65469421016e+18
45.0;9.0;3.1452229664e+18
45.0;15.0;3.27700681136e+18
45.0;21.0;2.3215739354e+18
45.0;27.0;2.7974600422e+18
45.0;33.0;4.613148572759999e+18
45.0;39.0;3.80048152884e+18
45.0;45.0;2.5046070534e+18
45.0;51.0;4.09699518e+18
45.0;57.0;2.65835487252e+18
45.0;63.0;2.65835487252e+18
45.0;69.0;2.27032466236e+18
45.0;75.0;2.51558904048e+18
45.0;81.0;2.36916254608e+18
45.0;87.0;2.29594929888e+18
45.0;93.0;2.28130664944e+18
45.0;99.0;2.27398532472e+18
45.0;105.0;2.266664e+18
45.0;111.0;2.266664e+18
45.0;117.0;2.28130664944e+18
45.0;123.0;2.27398532472e+18
45.0;129.0;2.40210850732e+18
45.0;135.0;3.4783432411600005e+18
45.0;141.0;4.91698354864e+18
45.0;147.0;5.7259899302e+18
45.0;153.0;5.91268371056e+18
45.0;159.0;5.92732636e+18
45.0;165.0;5.92732636e+18
45.0;171.0;5.92732636e+18
45.0;177.0;5.92732636e+18
51.0;-177.0;5.88339841168e+18
51.0;-171.0;5.8907197364e+18
51.0;-165.0;5.88339841168e+18
51.0;-159.0;5.92732636e+18
51.0;-153.0;5.92732636e+18
51.0;-147.0;5.92732636e+18
51.0;-141.0;5.92732636e+18
51.0;-135.0;5.84313112572e+18
51.0;-129.0;4.84377030144e+18
51.0;-123.0;2.62174824892e+18
51.0;-117.0;2.30693128596e+18
51.0;-111.0;2.27032466236e+18
51.0;-105.0;2.31059194832e+18
51.0;-99.0;2.82674534108e+18
51.0;-93.0;2.50826771576e+18
51.0;-87.0;2.60344493712e+18
51.0;-81.0;2.99147514728e+18
51.0;-75.0;2.42041181912e+18
51.0;-69.0;2.64737288544e+18
51.0;-63.0;3.4197726434e+18
51.0;-57.0;3.90298007492e+18
51.0;-51.0;5.86509509988e+18
51.0;-45.0;5.92732636e+18
51.0;-39.0;5.92732636e+18
51.0;-33.0;5.92732636e+18
51.0;-27.0;5.92732636e+18
51.0;-21.0;5.92732636e+18
51.0;-15.0;5.92732636e+18
51.0;-9.0;5.14760527732e+18
51.0;-3.0;4.06770988112e+18
51.0;3.0;3.59914509904e+18
51.0;9.0;2.40210850732e+18
51.0;15.0;2.29228863652e+18
51.0;21.0;2.27764598708e+18
51.0;27.0;2.27032466236e+18
51.0;33.0;2.31425261068e+18
51.0;39.0;2.266664e+18
51.0;45.0;2.3215739354e+18
51.0;51.0;2.30693128596e+18
51.0;57.0;2.27032466236e+18
51.0;63.0;2.29960996124e+18
51.0;69.0;2.29960996124e+18
51.0;75.0;2.29594929888e+18
51.0;81.0;2.3215739354e+18
51.0;87.0;2.2849673118e+18
51.0;93.0;2.358180559e+18
51.0;99.0;2.31425261068e+18
51.0;105.0;2.4863037416e+18
51.0;111.0;2.358180559e+18
51.0;117.0;2.29960996124e+18
51.0;123.0;2.266664e+18
51.0;129.0;2.266664e+18
51.0;135.0;2.34353790956e+18
51.0;141.0;3.5808417872399995e+18
51.0;147.0;5.9090230482e+18
51.0;153.0;5.8907197364e+18
51.0;159.0;5.20617587508e+18
51.0;165.0;5.92732636e+18
51.0;171.0;5.91268371056e+18
51.0;177.0;5.91268371056e+18
57.0;-177.0;5.92732636e+18
57.0;-171.0;5.92366569764e+18
57.0;-165.0;5.75893589144e+18
57.0;-159.0;4.620469897480001e+18
57.0;-153.0;5.17322991384e+18
57.0;-147.0;5.90170172348e+18
57.0;-141.0;5.75527522908e+18
57.0;-135.0;4.2434216744e+18
57.0;-129.0;2.47532175452e+18
57.0;-123.0;2.31059194832e+18
57.0;-117.0;2.29960996124e+18
57.0;-111.0;2.5046070534e+18
57.0;-105.0;2.5961236124e+18
57.0;-99.0;2.541213677e+18
57.0;-93.0;3.3831660198e+18
57.0;-87.0;4.69734380704e+18
57.0;-81.0;5.52099283804e+18
57.0;-75.0;2.77183540568e+18
57.0;-69.0;2.86701262704e+18
57.0;-63.0;3.46003992936e+18
57.0;-57.0;5.7076866184e+18
57.0;-51.0;5.92732636e+18
57.0;-45.0;5.91268371056e+18
57.0;-39.0;5.92732636e+18
57.0;-33.0;5.92732636e+18
57.0;-27.0;5.92732636e+18
57.0;-21.0;5.92732636e+18
57.0;-15.0;5.92732636e+18
57.0;-9.0;5.5063501886e+18
57.0;-3.0;4.50332870196e+18
57.0;3.0;5.86143443752e+18
57.0;9.0;4.2983316098e+18
57.0;15.0;3.82610616536e+18
57.0;21.0;4.5179713514e+18
57.0;27.0;2.64737288544e+18
57.0;33.0;2.3032706236e+18
57.0;39.0;2.35451989664e+18
57.0;45.0;2.29960996124e+18
57.0;51.0;2.33255592248e+18
57.0;57.0;2.31791327304e+18
57.0;63.0;2.2849673118e+18
57.0;69.0;2.30693128596e+18
57.0;75.0;2.29960996124e+18
57.0;81.0;2.31791327304e+18
57.0;87.0;2.27398532472e+18
57.0;93.0;2.28862797416e+18
57.0;99.0;2.28862797416e+18
57.0;105.0;2.29960996124e+18
57.0;111.0;2.41675115676e+18
57.0;117.0;2.27032466236e+18
57.0;123.0;2.266664e+18
57.0;129.0;2.266664e+18
57.0;135.0;2.57049897588e+18
57.0;141.0;4.78886036604e+18
57.0;147.0;5.55759946164e+18
57.0;153.0;5.48072555208e+18
57.0;159.0;3.28066747372e+18
57.0;165.0;5.49536820152e+18
57.0;171.0;5.92366569764e+18
57.0;177.0;5.92732636e+18
63.0;-177.0;5.49902886388e+18
63.0;-171.0;5.47340422736e+18
63.0;-165.0;4.15922644012e+18
63.0;-159.0;2.43871513092e+18
63.0;-153.0;2.40576916968e+18
63.0;-147.0;2.52657102756e+18
63.0;-141.0;2.28862797416e+18
63.0;-135.0;2.28862797416e+18
63.0;-129.0;2.28130664944e+18
63.0;-123.0;2.52657102756e+18
63.0;-117.0;2.75719275624e+18
63.0;-111.0;2.7059434832e+18
63.0;-105.0;2.48996440396e+18
63.0;-99.0;2.64005156072e+18
63.0;-93.0;3.5112892024e+18
63.0;-87.0;4.88769824976e+18
63.0;-81.0;5.42581561668e+18
63.0;-75.0;3.82976682772e+18
63.0;-69.0;3.83342749008e+18
63.0;-63.0;5.4331369414e+18
63.0;-57.0;5.92732636e+18
63.0;-51.0;4.49234671488e+18
63.0;-45.0;2.7059434832e+18
63.0;-39.0;5.35260236948e+18
63.0;-33.0;5.92732636e+18
63.0;-27.0;5.92000503528e+18
63.0;-21.0;4.87305560032e+18
63.0;-15.0;5.15492660204e+18
63.0;-9.0;5.90170172348e+18
63.0;-3.0;5.90536238584e+18
63.0;3.0;5.74063257964e+18
63.0;9.0;3.8041421912e+18
63.0;15.0;2.54487433936e+18
63.0;21.0;4.01646060808e+18
63.0;27.0;3.0170997838e+18
63.0;33.0;3.0720097192e+18
63.0;39.0;2.97317183548e+18
63.0;45.0;2.27764598708e+18
63.0;51.0;2.27398532472e+18
63.0;57.0;2.27398532472e+18
63.0;63.0;2.30693128596e+18
63.0;69.0;2.31425261068e+18
63.0;75.0;2.29228863652e+18
63.0;81.0;2.27764598708e+18
63.0;87.0;2.3032706236e+18
63.0;93.0;2.27398532472e+18
63.0;99.0;2.266664e+18
63.0;105.0;2.266664e+18
63.0;111.0;2.266664e+18
63.0;117.0;2.28130664944e+18
63.0;123.0;2.31791327304e+18
63.0;129.0;2.3215739354e+18
63.0;135.0;2.29228863652e+18
63.0;141.0;2.266664e+18
63.0;147.0;2.266664e+18
63.0;153.0;2.33621658484e+18
63.0;159.0;3.13424097932e+18
63.0;165.0;2.62540891128e+18
63.0;171.0;2.72790745736e+18
63.0;177.0;3.9871753092e+18
69.0;-177.0;4.59484526096e+18
69.0;-171.0;5.60518807232e+18
69.0;-165.0;5.070731367759999e+18
69.0;-159.0;3.11593766752e+18
69.0;-153.0;3.06834905684e+18
69.0;-147.0;3.364862708e+18
69.0;-141.0;3.6833403333200005e+18
69.0;-135.0;3.95789001032e+18
69.0;-129.0;3.5735204625200005e+18
69.0;-123.0;3.70530430748e+18
69.0;-117.0;3.4344152928399995e+18
69.0;-111.0;2.97317183548e+18
69.0;-105.0;3.2220968759600005e+18
69.0;-99.0;4.16654776484e+18
69.0;-93.0;3.43075463048e+18
69.0;-87.0;3.53325317656e+18
69.0;-81.0;3.96155067268e+18
69.0;-75.0;3.66503702152e+18
69.0;-69.0;3.5661991378e+18
69.0;-63.0;5.32697773296e+18
69.0;-57.0;5.75527522908e+18
69.0;-51.0;3.05736706976e+18
69.0;-45.0;2.266664e+18
69.0;-39.0;2.28130664944e+18
69.0;-33.0;3.10129501808e+18
69.0;-27.0;4.18485107664e+18
69.0;-21.0;5.50268952624e+18
69.0;-15.0;5.8541131128e+18
69.0;-9.0;5.91634437292e+18
69.0;-3.0;5.92732636e+18
69.0;3.0;5.92732636e+18
69.0;9.0;5.92732636e+18
69.0;15.0;4.86207361324e+18
69.0;21.0;3.4783432411600005e+18
69.0;27.0;3.1269196546e+18
69.0;33.0;3.99083597156e+18
69.0;39.0;4.79984235312e+18
69.0;45.0;5.22081852452e+18
69.0;51.0;4.27636763564e+18
69.0;57.0;3.98351464684e+18
69.0;63.0;3.8041421912e+18
69.0;69.0;2.9804931602e+18
69.0;75.0;3.3319167467600005e+18
69.0;81.0;2.4680004298e+18
69.0;87.0;2.38014453316e+18
69.0;93.0;2.33621658484e+18
69.0;99.0;2.27398532472e+18
69.0;105.0;2.27032466236e+18
69.0;111.0;2.266664e+18
69.0;117.0;2.266664e+18
69.0;123.0;2.32523459776e+18
69.0;129.0;2.58148096296e+18
69.0;135.0;2.56683831352e+18
69.0;141.0;2.38014453316e+18
69.0;147.0;2.37282320844e+18
69.0;153.0;2.907279913e+18
69.0;159.0;3.2587034995600005e+18
69.0;165.0;3.730928944e+18
69.0;171.0;3.72726828164e+18
69.0;177.0;3.6760190086e+18
75.0;-177.0;5.92732636e+18
75.0;-171.0;5.92732636e+18
75.0;-165.0;5.92732636e+18
75.0;-159.0;5.92732636e+18
75.0;-153.0;5.92732636e+18
75.0;-147.0;5.92732636e+18
75.0;-141.0;5.92732636e+18
75.0;-135.0;5.92732636e+18
75.0;-129.0;5.92732636e+18
75.0;-123.0;4.59484526096e+18
75.0;-117.0;4.07503120584e+18
75.0;-111.0;4.52163201376e+18
75.0;-105.0;4.997518120559999e+18
75.0;-99.0;4.47770406544e+18
75.0;-93.0;4.2068150508e+18
75.0;-87.0;3.88101610076e+18
75.0;-81.0;3.70164364512e+18
75.0;-75.0;5.60152740996e+18
75.0;-69.0;5.22081852452e+18
75.0;-63.0;4.807163677840001e+18
75.0;-57.0;3.64307304736e+18
75.0;-51.0;2.27032466236e+18
75.0;-45.0;2.266664e+18
75.0;-39.0;2.266664e+18
75.0;-33.0;2.266664e+18
75.0;-27.0;2.39112652024e+18
75.0;-21.0;3.91762272436e+18
75.0;-15.0;5.91268371056e+18
75.0;-9.0;5.92732636e+18
75.0;-3.0;5.92732636e+18
75.0;3.0;5.92732636e+18
75.0;9.0;5.92732636e+18
75.0;15.0;5.55759946164e+18
75.0;21.0;5.75527522908e+18
75.0;27.0;5.92000503528e+18
75.0;33.0;5.92732636e+18
75.0;39.0;5.92732636e+18
75.0;45.0;5.92732636e+18
75.0;51.0;5.76625721616e+18
75.0;57.0;4.906001561559999e+18
75.0;63.0;5.43679760376e+18
75.0;69.0;5.36358435656e+18
75.0;75.0;5.76991787852e+18
75.0;81.0;5.30135309644e+18
75.0;87.0;4.3349382334e+18
75.0;93.0;3.5515564883600005e+18
75.0;99.0;3.37950535744e+18
75.0;105.0;2.88165527648e+18
75.0;111.0;3.66137635916e+18
75.0;117.0;5.02314275708e+18
75.0;123.0;5.18055123856e+18
75.0;129.0;5.5063501886e+18
75.0;135.0;5.82848847628e+18
75.0;141.0;4.84377030144e+18
75.0;147.0;5.49902886388e+18
75.0;153.0;5.90170172348e+18
75.0;159.0;5.92732636e+18
75.0;165.0;5.92732636e+18
75.0;171.0;5.92732636e+18
75.0;177.0;5.92732636e+18
81.0;-177.0;2.6761085183e+18
81.0;-171.0;2.6761085183e+18
81.0;-165.0;2.6761085183e+18
81.0;-159.0;2.6761085183e+18
81.0;-153.0;2.6761085183e+18
81.0;-147.0;2.6761085183e+18
81.0;-141.0;2.6761085183e+18
81.0;-135.0;2.6761085183e+18
81.0;-129.0;2.6761085183e+18
81.0;-123.0;2.6761085183e+18
81.0;-117.0;2.6761085183e+18
81.0;-111.0;2.6609590711229e+18
81.0;-105.0;2.6478568465373e+18
81.0;-99.0;2.6314790658053e+18
81.0;-93.0;2.5221573794192e+18
81.0;-87.0;2.4623784797473997e+18
81.0;-81.0;2.3854029103070003e+18
81.0;-75.0;2.3878595774168e+18
81.0;-69.0;2.4443629209422e+18
81.0;-63.0;2.418158471771e+18
81.0;-57.0;2.3960484677828004e+18
81.0;-51.0;2.3878595774168e+18
81.0;-45.0;2.3493717926966e+18
81.0;-39.0;2.3145690086411e+18
81.0;-33.0;2.3092462299032e+18
81.0;-27.0;2.3460962365502e+18
81.0;-21.0;2.4771184824062003e+18
81.0;-15.0;2.614691840555e+18
81.0;-9.0;2.6761085183e+18
81.0;-3.0;2.6761085183e+18
81.0;3.0;2.6761085183e+18
81.0;9.0;2.6650535163059e+18
81.0;15.0;2.577841833908e+18
81.0;21.0;2.5848023907191e+18
81.0;27.0;2.6494946246105e+18
81.0;33.0;2.6744707402268e+18
81.0;39.0;2.6761085183e+18
81.0;45.0;2.6687385169706e+18
81.0;51.0;2.6548174033484e+18
81.0;57.0;2.6363924000249e+18
81.0;63.0;2.651541847202e+18
81.0;69.0;2.6761085183e+18
81.0;75.0;2.6748801847451e+18
81.0;81.0;2.6744707402268e+18
81.0;87.0;2.6761085183e+18
81.0;93.0;2.6065029501889997e+18
81.0;99.0;2.5905346139753e+18
81.0;105.0;2.6421246232811e+18
81.0;111.0;2.6761085183e+18
81.0;117.0;2.6761085183e+18
81.0;123.0;2.6761085183e+18
81.0;129.0;2.6761085183e+18
81.0;135.0;2.6761085183e+18
81.0;141.0;2.6761085183e+18
81.0;147.0;2.6761085183e+18
81.0;153.0;2.6761085183e+18
81.0;159.0;2.6761085183e+18
81.0;165.0;2.6761085183e+18
81.0;171.0;2.6761085183e+18
81.0;177.0;2.6761085183e+18
87.0;-177.0;2.6761085183e+18
87.0;-171.0;2.6761085183e+18
87.0;-165.0;2.6761085183e+18
87.0;-159.0;2.6761085183e+18
87.0;-153.0;2.6761085183e+18
87.0;-147.0;2.6761085183e+18
87.0;-141.0;2.6761085183e+18
87.0;-135.0;2.6761085183e+18
87.0;-129.0;2.6761085183e+18
87.0;-123.0;2.6761085183e+18
87.0;-117.0;2.6761085183e+18
87.0;-111.0;2.6761085183e+18
87.0;-105.0;2.6761085183e+18
87.0;-99.0;2.6761085183e+18
87.0;-93.0;2.6761085183e+18
87.0;-87.0;2.6761085183e+18
87.0;-81.0;2.6761085183e+18
87.0;-75.0;2.6761085183e+18
87.0;-69.0;2.6761085183e+18
87.0;-63.0;2.6761085183e+18
87.0;-57.0;2.6761085183e+18
87.0;-51.0;2.6761085183e+18
87.0;-45.0;2.6761085183e+18
87.0;-39.0;2.6761085183e+18
87.0;-33.0;2.6761085183e+18
87.0;-27.0;2.6761085183e+18
87.0;-21.0;2.6761085183e+18
87.0;-15.0;2.6761085183e+18
87.0;-9.0;2.6761085183e+18
87.0;-3.0;2.6761085183e+18
87.0;3.0;2.6761085183e+18
87.0;9.0;2.6761085183e+18
87.0;15.0;2.6761085183e+18
87.0;21.0;2.6761085183e+18
87.0;27.0;2.6761085183e+18
87.0;33.0;2.6761085183e+18
87.0;39.0;2.6761085183e+18
87.0;45.0;2.6761085183e+18
87.0;51.0;2.6761085183e+18
87.0;57.0;2.6761085183e+18
87.0;63.0;2.6761085183e+18
87.0;69.0;2.6761085183e+18
87.0;75.0;2.6761085183e+18
87.0;81.0;2.6761085183e+18
87.0;87.0;2.6761085183e+18
87.0;93.0;2.6761085183e+18
87.0;99.0;2.6761085183e+18
87.0;105.0;2.6761085183e+18
87.0;111.0;2.6761085183e+18
87.0;117.0;2.6761085183e+18
87.0;123.0;2.6761085183e+18
87.0;129.0;2.6761085183e+18
87.0;135.0;2.6761085183e+18
87.0;141.0;2.6761085183e+18
87.0;147.0;2.6761085183e+18
87.0;153.0;2.6761085183e+18
87.0;159.0;2.6761085183e+18
87.0;165.0;2.6761085183e+18
87.0;171.0;2.6761085183e+18
87.0;177.0;2.6761085183e+18
