latitude,longitude,water_frac,soil_frac,ice_frac
87.0,-177.0,0.0,0.0,100.0
87.0,-171.0,0.0,0.0,100.0
87.0,-165.0,0.0,0.0,100.0
87.0,-159.0,0.0,0.0,100.0
87.0,-153.0,0.0,0.0,100.0
87.0,-147.0,0.0,0.0,100.0
87.0,-141.0,0.0,0.0,100.0
87.0,-135.0,0.0,0.0,100.0
87.0,-129.0,0.0,0.0,100.0
87.0,-123.0,0.0,0.0,100.0
87.0,-117.0,0.0,0.0,100.0
87.0,-111.0,0.0,0.0,100.0
87.0,-105.0,0.0,0.0,100.0
87.0,-99.0,0.0,0.0,100.0
87.0,-93.0,0.0,0.0,100.0
87.0,-87.0,0.0,0.0,100.0
87.0,-81.0,0.0,0.0,100.0
87.0,-75.0,0.0,0.0,100.0
87.0,-69.0,0.0,0.0,100.0
87.0,-63.0,0.0,0.0,100.0
87.0,-57.0,0.0,0.0,100.0
87.0,-51.0,0.0,0.0,100.0
87.0,-45.0,0.0,0.0,100.0
87.0,-39.0,0.0,0.0,100.0
87.0,-33.0,0.0,0.0,100.0
87.0,-27.0,0.0,0.0,100.0
87.0,-21.0,0.0,0.0,100.0
87.0,-15.0,0.0,0.0,100.0
87.0,-9.0,0.0,0.0,100.0
87.0,-3.0,0.0,0.0,100.0
87.0,3.0,0.0,0.0,100.0
87.0,9.0,0.0,0.0,100.0
87.0,15.0,0.0,0.0,100.0
87.0,21.0,0.0,0.0,100.0
87.0,27.0,0.0,0.0,100.0
87.0,33.0,0.0,0.0,100.0
87.0,39.0,0.0,0.0,100.0
87.0,45.0,0.0,0.0,100.0
87.0,51.0,0.0,0.0,100.0
87.0,57.0,0.0,0.0,100.0
87.0,63.0,0.0,0.0,100.0
87.0,69.0,0.0,0.0,100.0
87.0,75.0,0.0,0.0,100.0
87.0,81.0,0.0,0.0,100.0
87.0,87.0,0.0,0.0,100.0
87.0,93.0,0.0,0.0,100.0
87.0,99.0,0.0,0.0,100.0
87.0,105.0,0.0,0.0,100.0
87.0,111.0,0.0,0.0,100.0
87.0,117.0,0.0,0.0,100.0
87.0,123.0,0.0,0.0,100.0
87.0,129.0,0.0,0.0,100.0
87.0,135.0,0.0,0.0,100.0
87.0,141.0,0.0,0.0,100.0
87.0,147.0,0.0,0.0,100.0
87.0,153.0,0.0,0.0,100.0
87.0,159.0,0.0,0.0,100.0
87.0,165.0,0.0,0.0,100.0
87.0,171.0,0.0,0.0,100.0
87.0,177.0,0.0,0.0,100.0
81.0,-177.0,0.0,0.0,100.0
81.0,-171.0,0.0,0.0,100.0
81.0,-165.0,0.0,0.0,100.0
81.0,-159.0,0.0,0.0,100.0
81.0,-153.0,0.0,0.0,100.0
81.0,-147.0,0.0,0.0,100.0
81.0,-141.0,0.0,0.0,100.0
81.0,-135.0,0.0,0.0,100.0
81.0,-129.0,0.0,0.0,100.0
81.0,-123.0,0.0,0.0,100.0
81.0,-117.0,0.0,0.0,100.0
81.0,-111.0,0.0,3.7,96.3
81.0,-105.0,0.0,6.9,93.1
81.0,-99.0,0.0,10.9,89.1
81.0,-93.0,0.0,37.6,62.4
81.0,-87.0,0.0,52.2,47.8
81.0,-81.0,0.0,71.0,29.0
81.0,-75.0,0.0,70.4,29.6
81.0,-69.0,0.0,56.6,43.4
81.0,-63.0,0.0,63.0,37.0
81.0,-57.0,0.0,68.4,31.6
81.0,-51.0,0.0,70.4,29.6
81.0,-45.0,0.0,79.8,20.2
81.0,-39.0,0.0,88.3,11.7
81.0,-33.0,0.0,89.6,10.4
81.0,-27.0,0.0,80.6,19.4
81.0,-21.0,0.0,48.6,51.4
81.0,-15.0,0.0,15.0,85.0
81.0,-9.0,0.0,0.0,100.0
81.0,-3.0,0.0,0.0,100.0
81.0,3.0,0.0,0.0,100.0
81.0,9.0,0.0,2.7,97.3
81.0,15.0,0.0,24.0,76.0
81.0,21.0,0.0,22.3,77.7
81.0,27.0,0.0,6.5,93.5
81.0,33.0,0.0,0.4,99.6
81.0,39.0,0.0,0.0,100.0
81.0,45.0,0.0,1.8,98.2
81.0,51.0,0.0,5.2,94.8
81.0,57.0,0.0,9.7,90.3
81.0,63.0,0.0,6.0,94.0
81.0,69.0,0.0,0.0,100.0
81.0,75.0,0.0,0.3,99.7
81.0,81.0,0.0,0.4,99.6
81.0,87.0,0.0,0.0,100.0
81.0,93.0,0.0,17.0,83.0
81.0,99.0,0.0,20.9,79.1
81.0,105.0,0.0,8.3,91.7
81.0,111.0,0.0,0.0,100.0
81.0,117.0,0.0,0.0,100.0
81.0,123.0,0.0,0.0,100.0
81.0,129.0,0.0,0.0,100.0
81.0,135.0,0.0,0.0,100.0
81.0,141.0,0.0,0.0,100.0
81.0,147.0,0.0,0.0,100.0
81.0,153.0,0.0,0.0,100.0
81.0,159.0,0.0,0.0,100.0
81.0,165.0,0.0,0.0,100.0
81.0,171.0,0.0,0.0,100.0
81.0,177.0,0.0,0.0,100.0
75.0,-177.0,100.0,0.0,0.0
75.0,-171.0,100.0,0.0,0.0
75.0,-165.0,100.0,0.0,0.0
75.0,-159.0,100.0,0.0,0.0
75.0,-153.0,100.0,0.0,0.0
75.0,-147.0,100.0,0.0,0.0
75.0,-141.0,100.0,0.0,0.0
75.0,-135.0,100.0,0.0,0.0
75.0,-129.0,100.0,0.0,0.0
75.0,-123.0,63.6,36.4,0.0
75.0,-117.0,49.4,50.6,0.0
75.0,-111.0,61.6,38.4,0.0
75.0,-105.0,74.6,25.4,0.0
75.0,-99.0,60.4,39.6,0.0
75.0,-93.0,53.0,47.0,0.0
75.0,-87.0,44.1,55.9,0.0
75.0,-81.0,39.2,60.8,0.0
75.0,-75.0,91.1,8.9,0.0
75.0,-69.0,80.7,19.3,0.0
75.0,-63.0,69.4,30.6,0.0
75.0,-57.0,37.6,62.4,0.0
75.0,-51.0,0.1,99.9,0.0
75.0,-45.0,0.0,100.0,0.0
75.0,-39.0,0.0,100.0,0.0
75.0,-33.0,0.0,100.0,0.0
75.0,-27.0,3.4,96.6,0.0
75.0,-21.0,45.1,54.9,0.0
75.0,-15.0,99.6,0.4,0.0
75.0,-9.0,100.0,0.0,0.0
75.0,-3.0,100.0,0.0,0.0
75.0,3.0,100.0,0.0,0.0
75.0,9.0,100.0,0.0,0.0
75.0,15.0,89.9,10.1,0.0
75.0,21.0,95.3,4.7,0.0
75.0,27.0,99.8,0.2,0.0
75.0,33.0,100.0,0.0,0.0
75.0,39.0,100.0,0.0,0.0
75.0,45.0,100.0,0.0,0.0
75.0,51.0,95.6,4.4,0.0
75.0,57.0,72.1,27.9,0.0
75.0,63.0,86.6,13.4,0.0
75.0,69.0,84.6,15.4,0.0
75.0,75.0,95.7,4.3,0.0
75.0,81.0,82.9,17.1,0.0
75.0,87.0,56.5,43.5,0.0
75.0,93.0,35.1,64.9,0.0
75.0,99.0,30.4,69.6,0.0
75.0,105.0,16.8,83.2,0.0
75.0,111.0,38.1,61.9,0.0
75.0,117.0,75.3,24.7,0.0
75.0,123.0,79.6,20.4,0.0
75.0,129.0,88.5,11.5,0.0
75.0,135.0,97.3,2.7,0.0
75.0,141.0,70.4,29.6,0.0
75.0,147.0,88.3,11.7,0.0
75.0,153.0,99.3,0.7,0.0
75.0,159.0,100.0,0.0,0.0
75.0,165.0,100.0,0.0,0.0
75.0,171.0,100.0,0.0,0.0
75.0,177.0,100.0,0.0,0.0
69.0,-177.0,63.6,36.4,0.0
69.0,-171.0,91.2,8.8,0.0
69.0,-165.0,76.6,23.4,0.0
69.0,-159.0,23.2,76.8,0.0
69.0,-153.0,21.9,78.1,0.0
69.0,-147.0,30.0,70.0,0.0
69.0,-141.0,38.7,61.3,0.0
69.0,-135.0,46.2,53.8,0.0
69.0,-129.0,35.7,64.3,0.0
69.0,-123.0,39.3,60.7,0.0
69.0,-117.0,31.9,68.1,0.0
69.0,-111.0,19.3,80.7,0.0
69.0,-105.0,26.1,73.9,0.0
69.0,-99.0,51.9,48.1,0.0
69.0,-93.0,31.8,68.2,0.0
69.0,-87.0,34.6,65.4,0.0
69.0,-81.0,46.3,53.7,0.0
69.0,-75.0,38.2,61.8,0.0
69.0,-69.0,35.5,64.5,0.0
69.0,-63.0,83.6,16.4,0.0
69.0,-57.0,95.3,4.7,0.0
69.0,-51.0,21.6,78.4,0.0
69.0,-45.0,0.0,100.0,0.0
69.0,-39.0,0.4,99.6,0.0
69.0,-33.0,22.8,77.2,0.0
69.0,-27.0,52.4,47.6,0.0
69.0,-21.0,88.4,11.6,0.0
69.0,-15.0,98.0,2.0,0.0
69.0,-9.0,99.7,0.3,0.0
69.0,-3.0,100.0,0.0,0.0
69.0,3.0,100.0,0.0,0.0
69.0,9.0,100.0,0.0,0.0
69.0,15.0,70.9,29.1,0.0
69.0,21.0,33.1,66.9,0.0
69.0,27.0,23.5,76.5,0.0
69.0,33.0,47.1,52.9,0.0
69.0,39.0,69.2,30.8,0.0
69.0,45.0,80.7,19.3,0.0
69.0,51.0,54.9,45.1,0.0
69.0,57.0,46.9,53.1,0.0
69.0,63.0,42.0,58.0,0.0
69.0,69.0,19.5,80.5,0.0
69.0,75.0,29.1,70.9,0.0
69.0,81.0,5.5,94.5,0.0
69.0,87.0,3.1,96.9,0.0
69.0,93.0,1.9,98.1,0.0
69.0,99.0,0.2,99.8,0.0
69.0,105.0,0.1,99.9,0.0
69.0,111.0,0.0,100.0,0.0
69.0,117.0,0.0,100.0,0.0
69.0,123.0,1.6,98.4,0.0
69.0,129.0,8.6,91.4,0.0
69.0,135.0,8.2,91.8,0.0
69.0,141.0,3.1,96.9,0.0
69.0,147.0,2.9,97.1,0.0
69.0,153.0,17.5,82.5,0.0
69.0,159.0,27.1,72.9,0.0
69.0,165.0,40.0,60.0,0.0
69.0,171.0,39.9,60.1,0.0
69.0,177.0,38.5,61.5,0.0
63.0,-177.0,88.3,11.7,0.0
63.0,-171.0,87.6,12.4,0.0
63.0,-165.0,51.7,48.3,0.0
63.0,-159.0,4.7,95.3,0.0
63.0,-153.0,3.8,96.2,0.0
63.0,-147.0,7.1,92.9,0.0
63.0,-141.0,0.6,99.4,0.0
63.0,-135.0,0.6,99.4,0.0
63.0,-129.0,0.4,99.6,0.0
63.0,-123.0,7.1,92.9,0.0
63.0,-117.0,13.4,86.6,0.0
63.0,-111.0,12.0,88.0,0.0
63.0,-105.0,6.1,93.9,0.0
63.0,-99.0,10.2,89.8,0.0
63.0,-93.0,34.0,66.0,0.0
63.0,-87.0,71.6,28.4,0.0
63.0,-81.0,86.3,13.7,0.0
63.0,-75.0,42.7,57.3,0.0
63.0,-69.0,42.8,57.2,0.0
63.0,-63.0,86.5,13.5,0.0
63.0,-57.0,100.0,0.0,0.0
63.0,-51.0,60.8,39.2,0.0
63.0,-45.0,12.0,88.0,0.0
63.0,-39.0,84.3,15.7,0.0
63.0,-33.0,100.0,0.0,0.0
63.0,-27.0,99.8,0.2,0.0
63.0,-21.0,71.2,28.8,0.0
63.0,-15.0,78.9,21.1,0.0
63.0,-9.0,99.3,0.7,0.0
63.0,-3.0,99.4,0.6,0.0
63.0,3.0,94.9,5.1,0.0
63.0,9.0,42.0,58.0,0.0
63.0,15.0,7.6,92.4,0.0
63.0,21.0,47.8,52.2,0.0
63.0,27.0,20.5,79.5,0.0
63.0,33.0,22.0,78.0,0.0
63.0,39.0,19.3,80.7,0.0
63.0,45.0,0.3,99.7,0.0
63.0,51.0,0.2,99.8,0.0
63.0,57.0,0.2,99.8,0.0
63.0,63.0,1.1,98.9,0.0
63.0,69.0,1.3,98.7,0.0
63.0,75.0,0.7,99.3,0.0
63.0,81.0,0.3,99.7,0.0
63.0,87.0,1.0,99.0,0.0
63.0,93.0,0.2,99.8,0.0
63.0,99.0,0.0,100.0,0.0
63.0,105.0,0.0,100.0,0.0
63.0,111.0,0.0,100.0,0.0
63.0,117.0,0.4,99.6,0.0
63.0,123.0,1.4,98.6,0.0
63.0,129.0,1.5,98.5,0.0
63.0,135.0,0.7,99.3,0.0
63.0,141.0,0.0,100.0,0.0
63.0,147.0,0.0,100.0,0.0
63.0,153.0,1.9,98.1,0.0
63.0,159.0,23.7,76.3,0.0
63.0,165.0,9.8,90.2,0.0
63.0,171.0,12.6,87.4,0.0
63.0,177.0,47.0,53.0,0.0
57.0,-177.0,100.0,0.0,0.0
57.0,-171.0,99.9,0.1,0.0
57.0,-165.0,95.4,4.6,0.0
57.0,-159.0,64.3,35.7,0.0
57.0,-153.0,79.4,20.6,0.0
57.0,-147.0,99.3,0.7,0.0
57.0,-141.0,95.3,4.7,0.0
57.0,-135.0,54.0,46.0,0.0
57.0,-129.0,5.7,94.3,0.0
57.0,-123.0,1.2,98.8,0.0
57.0,-117.0,0.9,99.1,0.0
57.0,-111.0,6.5,93.5,0.0
57.0,-105.0,9.0,91.0,0.0
57.0,-99.0,7.5,92.5,0.0
57.0,-93.0,30.5,69.5,0.0
57.0,-87.0,66.4,33.6,0.0
57.0,-81.0,88.9,11.1,0.0
57.0,-75.0,13.8,86.2,0.0
57.0,-69.0,16.4,83.6,0.0
57.0,-63.0,32.6,67.4,0.0
57.0,-57.0,94.0,6.0,0.0
57.0,-51.0,100.0,0.0,0.0
57.0,-45.0,99.6,0.4,0.0
57.0,-39.0,100.0,0.0,0.0
57.0,-33.0,100.0,0.0,0.0
57.0,-27.0,100.0,0.0,0.0
57.0,-21.0,100.0,0.0,0.0
57.0,-15.0,100.0,0.0,0.0
57.0,-9.0,88.5,11.5,0.0
57.0,-3.0,61.1,38.9,0.0
57.0,3.0,98.2,1.8,0.0
57.0,9.0,55.5,44.5,0.0
57.0,15.0,42.6,57.4,0.0
57.0,21.0,61.5,38.5,0.0
57.0,27.0,10.4,89.6,0.0
57.0,33.0,1.0,99.0,0.0
57.0,39.0,2.4,97.6,0.0
57.0,45.0,0.9,99.1,0.0
57.0,51.0,1.8,98.2,0.0
57.0,57.0,1.4,98.6,0.0
57.0,63.0,0.5,99.5,0.0
57.0,69.0,1.1,98.9,0.0
57.0,75.0,0.9,99.1,0.0
57.0,81.0,1.4,98.6,0.0
57.0,87.0,0.2,99.8,0.0
57.0,93.0,0.6,99.4,0.0
57.0,99.0,0.6,99.4,0.0
57.0,105.0,0.9,99.1,0.0
57.0,111.0,4.1,95.9,0.0
57.0,117.0,0.1,99.9,0.0
57.0,123.0,0.0,100.0,0.0
57.0,129.0,0.0,100.0,0.0
57.0,135.0,8.3,91.7,0.0
57.0,141.0,68.9,31.1,0.0
57.0,147.0,89.9,10.1,0.0
57.0,153.0,87.8,12.2,0.0
57.0,159.0,27.7,72.3,0.0
57.0,165.0,88.2,11.8,0.0
57.0,171.0,99.9,0.1,0.0
57.0,177.0,100.0,0.0,0.0
51.0,-177.0,98.8,1.2,0.0
51.0,-171.0,99.0,1.0,0.0
51.0,-165.0,98.8,1.2,0.0
51.0,-159.0,100.0,0.0,0.0
51.0,-153.0,100.0,0.0,0.0
51.0,-147.0,100.0,0.0,0.0
51.0,-141.0,100.0,0.0,0.0
51.0,-135.0,97.7,2.3,0.0
51.0,-129.0,70.4,29.6,0.0
51.0,-123.0,9.7,90.3,0.0
51.0,-117.0,1.1,98.9,0.0
51.0,-111.0,0.1,99.9,0.0
51.0,-105.0,1.2,98.8,0.0
51.0,-99.0,15.3,84.7,0.0
51.0,-93.0,6.6,93.4,0.0
51.0,-87.0,9.2,90.8,0.0
51.0,-81.0,19.8,80.2,0.0
51.0,-75.0,4.2,95.8,0.0
51.0,-69.0,10.4,89.6,0.0
51.0,-63.0,31.5,68.5,0.0
51.0,-57.0,44.7,55.3,0.0
51.0,-51.0,98.3,1.7,0.0
51.0,-45.0,100.0,0.0,0.0
51.0,-39.0,100.0,0.0,0.0
51.0,-33.0,100.0,0.0,0.0
51.0,-27.0,100.0,0.0,0.0
51.0,-21.0,100.0,0.0,0.0
51.0,-15.0,100.0,0.0,0.0
51.0,-9.0,78.7,21.3,0.0
51.0,-3.0,49.2,50.8,0.0
51.0,3.0,36.4,63.6,0.0
51.0,9.0,3.7,96.3,0.0
51.0,15.0,0.7,99.3,0.0
51.0,21.0,0.3,99.7,0.0
51.0,27.0,0.1,99.9,0.0
51.0,33.0,1.3,98.7,0.0
51.0,39.0,0.0,100.0,0.0
51.0,45.0,1.5,98.5,0.0
51.0,51.0,1.1,98.9,0.0
51.0,57.0,0.1,99.9,0.0
51.0,63.0,0.9,99.1,0.0
51.0,69.0,0.9,99.1,0.0
51.0,75.0,0.8,99.2,0.0
51.0,81.0,1.5,98.5,0.0
51.0,87.0,0.5,99.5,0.0
51.0,93.0,2.5,97.5,0.0
51.0,99.0,1.3,98.7,0.0
51.0,105.0,6.0,94.0,0.0
51.0,111.0,2.5,97.5,0.0
51.0,117.0,0.9,99.1,0.0
51.0,123.0,0.0,100.0,0.0
51.0,129.0,0.0,100.0,0.0
51.0,135.0,2.1,97.9,0.0
51.0,141.0,35.9,64.1,0.0
51.0,147.0,99.5,0.5,0.0
51.0,153.0,99.0,1.0,0.0
51.0,159.0,80.3,19.7,0.0
51.0,165.0,100.0,0.0,0.0
51.0,171.0,99.6,0.4,0.0
51.0,177.0,99.6,0.4,0.0
45.0,-177.0,100.0,0.0,0.0
45.0,-171.0,100.0,0.0,0.0
45.0,-165.0,100.0,0.0,0.0
45.0,-159.0,100.0,0.0,0.0
45.0,-153.0,100.0,0.0,0.0
45.0,-147.0,100.0,0.0,0.0
45.0,-141.0,100.0,0.0,0.0
45.0,-135.0,100.0,0.0,0.0
45.0,-129.0,100.0,0.0,0.0
45.0,-123.0,31.4,68.6,0.0
45.0,-117.0,0.4,99.6,0.0
45.0,-111.0,0.3,99.7,0.0
45.0,-105.0,0.6,99.4,0.0
45.0,-99.0,1.0,99.0,0.0
45.0,-93.0,4.8,95.2,0.0
45.0,-87.0,35.9,64.1,0.0
45.0,-81.0,27.1,72.9,0.0
45.0,-75.0,6.1,93.9,0.0
45.0,-69.0,31.9,68.1,0.0
45.0,-63.0,72.1,27.9,0.0
45.0,-57.0,92.7,7.3,0.0
45.0,-51.0,96.8,3.2,0.0
45.0,-45.0,100.0,0.0,0.0
45.0,-39.0,100.0,0.0,0.0
45.0,-33.0,100.0,0.0,0.0
45.0,-27.0,100.0,0.0,0.0
45.0,-21.0,100.0,0.0,0.0
45.0,-15.0,100.0,0.0,0.0
45.0,-9.0,87.4,12.6,0.0
45.0,-3.0,54.7,45.3,0.0
45.0,3.0,10.6,89.4,0.0
45.0,9.0,24.0,76.0,0.0
45.0,15.0,27.6,72.4,0.0
45.0,21.0,1.5,98.5,0.0
45.0,27.0,14.5,85.5,0.0
45.0,33.0,64.1,35.9,0.0
45.0,39.0,41.9,58.1,0.0
45.0,45.0,6.5,93.5,0.0
45.0,51.0,50.0,50.0,0.0
45.0,57.0,10.7,89.3,0.0
45.0,63.0,10.7,89.3,0.0
45.0,69.0,0.1,99.9,0.0
45.0,75.0,6.8,93.2,0.0
45.0,81.0,2.8,97.2,0.0
45.0,87.0,0.8,99.2,0.0
45.0,93.0,0.4,99.6,0.0
45.0,99.0,0.2,99.8,0.0
45.0,105.0,0.0,100.0,0.0
45.0,111.0,0.0,100.0,0.0
45.0,117.0,0.4,99.6,0.0
45.0,123.0,0.2,99.8,0.0
45.0,129.0,3.7,96.3,0.0
45.0,135.0,33.1,66.9,0.0
45.0,141.0,72.4,27.6,0.0
45.0,147.0,94.5,5.5,0.0
45.0,153.0,99.6,0.4,0.0
45.0,159.0,100.0,0.0,0.0
45.0,165.0,100.0,0.0,0.0
45.0,171.0,100.0,0.0,0.0
45.0,177.0,100.0,0.0,0.0
39.0,-177.0,100.0,0.0,0.0
39.0,-171.0,100.0,0.0,0.0
39.0,-165.0,100.0,0.0,0.0
39.0,-159.0,100.0,0.0,0.0
39.0,-153.0,100.0,0.0,0.0
39.0,-147.0,100.0,0.0,0.0
39.0,-141.0,100.0,0.0,0.0
39.0,-135.0,100.0,0.0,0.0
39.0,-129.0,100.0,0.0,0.0
39.0,-123.0,45.9,54.1,0.0
39.0,-117.0,0.5,99.5,0.0
39.0,-111.0,1.2,98.8,0.0
39.0,-105.0,0.1,99.9,0.0
39.0,-99.0,0.0,100.0,0.0
39.0,-93.0,0.0,100.0,0.0
39.0,-87.0,1.1,98.9,0.0
39.0,-81.0,3.2,96.8,0.0
39.0,-75.0,45.4,54.6,0.0
39.0,-69.0,97.5,2.5,0.0
39.0,-63.0,100.0,0.0,0.0
39.0,-57.0,100.0,0.0,0.0
39.0,-51.0,100.0,0.0,0.0
39.0,-45.0,100.0,0.0,0.0
39.0,-39.0,100.0,0.0,0.0
39.0,-33.0,100.0,0.0,0.0
39.0,-27.0,99.4,0.6,0.0
39.0,-21.0,100.0,0.0,0.0
39.0,-15.0,100.0,0.0,0.0
39.0,-9.0,59.4,40.6,0.0
39.0,-3.0,16.9,83.1,0.0
39.0,3.0,79.8,20.2,0.0
39.0,9.0,78.6,21.4,0.0
39.0,15.0,71.5,28.5,0.0
39.0,21.0,55.3,44.7,0.0
39.0,27.0,47.2,52.8,0.0
39.0,33.0,14.9,85.1,0.0
39.0,39.0,14.2,85.8,0.0
39.0,45.0,3.0,97.0,0.0
39.0,51.0,62.5,37.5,0.0
39.0,57.0,1.2,98.8,0.0
39.0,63.0,0.1,99.9,0.0
39.0,69.0,0.3,99.7,0.0
39.0,75.0,0.3,99.7,0.0
39.0,81.0,0.0,100.0,0.0
39.0,87.0,0.5,99.5,0.0
39.0,93.0,0.4,99.6,0.0
39.0,99.0,1.5,98.5,0.0
39.0,105.0,0.0,100.0,0.0
39.0,111.0,0.2,99.8,0.0
39.0,117.0,10.6,89.4,0.0
39.0,123.0,53.6,46.4,0.0
39.0,129.0,54.3,45.7,0.0
39.0,135.0,95.4,4.6,0.0
39.0,141.0,69.3,30.7,0.0
39.0,147.0,100.0,0.0,0.0
39.0,153.0,100.0,0.0,0.0
39.0,159.0,100.0,0.0,0.0
39.0,165.0,100.0,0.0,0.0
39.0,171.0,100.0,0.0,0.0
39.0,177.0,100.0,0.0,0.0
33.0,-177.0,100.0,0.0,0.0
33.0,-171.0,100.0,0.0,0.0
33.0,-165.0,100.0,0.0,0.0
33.0,-159.0,100.0,0.0,0.0
33.0,-153.0,100.0,0.0,0.0
33.0,-147.0,100.0,0.0,0.0
33.0,-141.0,100.0,0.0,0.0
33.0,-135.0,100.0,0.0,0.0
33.0,-129.0,100.0,0.0,0.0
33.0,-123.0,96.1,3.9,0.0
33.0,-117.0,39.2,60.8,0.0
33.0,-111.0,4.0,96.0,0.0
33.0,-105.0,0.1,99.9,0.0
33.0,-99.0,0.2,99.8,0.0
33.0,-93.0,0.6,99.4,0.0
33.0,-87.0,4.2,95.8,0.0
33.0,-81.0,27.6,72.4,0.0
33.0,-75.0,92.8,7.2,0.0
33.0,-69.0,100.0,0.0,0.0
33.0,-63.0,100.0,0.0,0.0
33.0,-57.0,100.0,0.0,0.0
33.0,-51.0,100.0,0.0,0.0
33.0,-45.0,100.0,0.0,0.0
33.0,-39.0,100.0,0.0,0.0
33.0,-33.0,100.0,0.0,0.0
33.0,-27.0,100.0,0.0,0.0
33.0,-21.0,100.0,0.0,0.0
33.0,-15.0,99.8,0.2,0.0
33.0,-9.0,64.0,36.0,0.0
33.0,-3.0,10.2,89.8,0.0
33.0,3.0,0.0,100.0,0.0
33.0,9.0,10.1,89.9,0.0
33.0,15.0,66.0,34.0,0.0
33.0,21.0,68.6,31.4,0.0
33.0,27.0,74.8,25.2,0.0
33.0,33.0,68.0,32.0,0.0
33.0,39.0,0.0,100.0,0.0
33.0,45.0,1.2,98.8,0.0
33.0,51.0,0.7,99.3,0.0
33.0,57.0,0.0,100.0,0.0
33.0,63.0,0.0,100.0,0.0
33.0,69.0,0.0,100.0,0.0
33.0,75.0,0.1,99.9,0.0
33.0,81.0,1.2,98.8,0.0
33.0,87.0,2.5,97.5,0.0
33.0,93.0,1.5,98.5,0.0
33.0,99.0,0.2,99.8,0.0
33.0,105.0,0.0,100.0,0.0
33.0,111.0,0.0,100.0,0.0
33.0,117.0,4.6,95.4,0.0
33.0,123.0,87.0,13.0,0.0
33.0,129.0,76.7,23.3,0.0
33.0,135.0,73.3,26.7,0.0
33.0,141.0,93.1,6.9,0.0
33.0,147.0,100.0,0.0,0.0
33.0,153.0,100.0,0.0,0.0
33.0,159.0,100.0,0.0,0.0
33.0,165.0,100.0,0.0,0.0
33.0,171.0,100.0,0.0,0.0
33.0,177.0,100.0,0.0,0.0
27.0,-177.0,100.0,0.0,0.0
27.0,-171.0,100.0,0.0,0.0
27.0,-165.0,100.0,0.0,0.0
27.0,-159.0,100.0,0.0,0.0
27.0,-153.0,100.0,0.0,0.0
27.0,-147.0,100.0,0.0,0.0
27.0,-141.0,100.0,0.0,0.0
27.0,-135.0,100.0,0.0,0.0
27.0,-129.0,100.0,0.0,0.0
27.0,-123.0,100.0,0.0,0.0
27.0,-117.0,94.9,5.1,0.0
27.0,-111.0,46.0,54.0,0.0
27.0,-105.0,1.0,99.0,0.0
27.0,-99.0,17.7,82.3,0.0
27.0,-93.0,90.5,9.5,0.0
27.0,-87.0,98.2,1.8,0.0
27.0,-81.0,74.1,25.9,0.0
27.0,-75.0,98.7,1.3,0.0
27.0,-69.0,100.0,0.0,0.0
27.0,-63.0,100.0,0.0,0.0
27.0,-57.0,100.0,0.0,0.0
27.0,-51.0,100.0,0.0,0.0
27.0,-45.0,100.0,0.0,0.0
27.0,-39.0,100.0,0.0,0.0
27.0,-33.0,100.0,0.0,0.0
27.0,-27.0,100.0,0.0,0.0
27.0,-21.0,100.0,0.0,0.0
27.0,-15.0,73.1,26.9,0.0
27.0,-9.0,7.2,92.8,0.0
27.0,-3.0,0.0,100.0,0.0
27.0,3.0,0.0,100.0,0.0
27.0,9.0,0.0,100.0,0.0
27.0,15.0,0.0,100.0,0.0
27.0,21.0,0.0,100.0,0.0
27.0,27.0,0.0,100.0,0.0
27.0,33.0,19.0,81.0,0.0
27.0,39.0,7.6,92.4,0.0
27.0,45.0,0.1,99.9,0.0
27.0,51.0,47.9,52.1,0.0
27.0,57.0,28.5,71.5,0.0
27.0,63.0,21.0,79.0,0.0
27.0,69.0,4.6,95.4,0.0
27.0,75.0,0.1,99.9,0.0
27.0,81.0,0.1,99.9,0.0
27.0,87.0,0.7,99.3,0.0
27.0,93.0,0.3,99.7,0.0
27.0,99.0,0.1,99.9,0.0
27.0,105.0,0.1,99.9,0.0
27.0,111.0,0.4,99.6,0.0
27.0,117.0,7.9,92.1,0.0
27.0,123.0,85.0,15.0,0.0
27.0,129.0,99.3,0.7,0.0
27.0,135.0,100.0,0.0,0.0
27.0,141.0,100.0,0.0,0.0
27.0,147.0,100.0,0.0,0.0
27.0,153.0,100.0,0.0,0.0
27.0,159.0,100.0,0.0,0.0
27.0,165.0,100.0,0.0,0.0
27.0,171.0,100.0,0.0,0.0
27.0,177.0,100.0,0.0,0.0
21.0,-177.0,100.0,0.0,0.0
21.0,-171.0,100.0,0.0,0.0
21.0,-165.0,100.0,0.0,0.0
21.0,-159.0,98.4,1.6,0.0
21.0,-153.0,97.5,2.5,0.0
21.0,-147.0,100.0,0.0,0.0
21.0,-141.0,100.0,0.0,0.0
21.0,-135.0,100.0,0.0,0.0
21.0,-129.0,100.0,0.0,0.0
21.0,-123.0,100.0,0.0,0.0
21.0,-117.0,100.0,0.0,0.0
21.0,-111.0,97.6,2.4,0.0
21.0,-105.0,45.3,54.7,0.0
21.0,-99.0,18.0,82.0,0.0
21.0,-93.0,86.6,13.4,0.0
21.0,-87.0,74.7,25.3,0.0
21.0,-81.0,84.9,15.1,0.0
21.0,-75.0,80.6,19.4,0.0
21.0,-69.0,86.1,13.9,0.0
21.0,-63.0,99.5,0.5,0.0
21.0,-57.0,100.0,0.0,0.0
21.0,-51.0,100.0,0.0,0.0
21.0,-45.0,100.0,0.0,0.0
21.0,-39.0,100.0,0.0,0.0
21.0,-33.0,100.0,0.0,0.0
21.0,-27.0,100.0,0.0,0.0
21.0,-21.0,100.0,0.0,0.0
21.0,-15.0,27.0,73.0,0.0
21.0,-9.0,0.0,100.0,0.0
21.0,-3.0,0.0,100.0,0.0
21.0,3.0,0.0,100.0,0.0
21.0,9.0,0.0,100.0,0.0
21.0,15.0,0.0,100.0,0.0
21.0,21.0,0.0,100.0,0.0
21.0,27.0,0.0,100.0,0.0
21.0,33.0,2.2,97.8,0.0
21.0,39.0,46.9,53.1,0.0
21.0,45.0,0.0,100.0,0.0
21.0,51.0,0.1,99.9,0.0
21.0,57.0,27.1,72.9,0.0
21.0,63.0,100.0,0.0,0.0
21.0,69.0,76.0,24.0,0.0
21.0,75.0,8.6,91.4,0.0
21.0,81.0,0.3,99.7,0.0
21.0,87.0,43.7,56.3,0.0
21.0,93.0,36.4,63.6,0.0
21.0,99.0,0.0,100.0,0.0
21.0,105.0,16.0,84.0,0.0
21.0,111.0,51.6,48.4,0.0
21.0,117.0,89.4,10.6,0.0
21.0,123.0,92.2,7.8,0.0
21.0,129.0,100.0,0.0,0.0
21.0,135.0,100.0,0.0,0.0
21.0,141.0,100.0,0.0,0.0
21.0,147.0,100.0,0.0,0.0
21.0,153.0,100.0,0.0,0.0
21.0,159.0,100.0,0.0,0.0
21.0,165.0,100.0,0.0,0.0
21.0,171.0,100.0,0.0,0.0
21.0,177.0,100.0,0.0,0.0
15.0,-177.0,100.0,0.0,0.0
15.0,-171.0,100.0,0.0,0.0
15.0,-165.0,100.0,0.0,0.0
15.0,-159.0,100.0,0.0,0.0
15.0,-153.0,100.0,0.0,0.0
15.0,-147.0,100.0,0.0,0.0
15.0,-141.0,100.0,0.0,0.0
15.0,-135.0,100.0,0.0,0.0
15.0,-129.0,100.0,0.0,0.0
15.0,-123.0,100.0,0.0,0.0
15.0,-117.0,100.0,0.0,0.0
15.0,-111.0,100.0,0.0,0.0
15.0,-105.0,99.9,0.1,0.0
15.0,-99.0,76.0,24.0,0.0
15.0,-93.0,51.8,48.2,0.0
15.0,-87.0,37.2,62.8,0.0
15.0,-81.0,95.0,5.0,0.0
15.0,-75.0,99.3,0.7,0.0
15.0,-69.0,98.3,1.7,0.0
15.0,-63.0,98.6,1.4,0.0
15.0,-57.0,99.9,0.1,0.0
15.0,-51.0,100.0,0.0,0.0
15.0,-45.0,100.0,0.0,0.0
15.0,-39.0,100.0,0.0,0.0
15.0,-33.0,100.0,0.0,0.0
15.0,-27.0,99.5,0.5,0.0
15.0,-21.0,99.5,0.5,0.0
15.0,-15.0,23.9,76.1,0.0
15.0,-9.0,0.1,99.9,0.0
15.0,-3.0,0.8,99.2,0.0
15.0,3.0,0.1,99.9,0.0
15.0,9.0,0.0,100.0,0.0
15.0,15.0,2.8,97.2,0.0
15.0,21.0,0.0,100.0,0.0
15.0,27.0,0.0,100.0,0.0
15.0,33.0,0.0,100.0,0.0
15.0,39.0,25.4,74.6,0.0
15.0,45.0,25.9,74.1,0.0
15.0,51.0,55.0,45.0,0.0
15.0,57.0,95.7,4.3,0.0
15.0,63.0,100.0,0.0,0.0
15.0,69.0,100.0,0.0,0.0
15.0,75.0,34.5,65.5,0.0
15.0,81.0,50.5,49.5,0.0
15.0,87.0,100.0,0.0,0.0
15.0,93.0,89.9,10.1,0.0
15.0,99.0,32.4,67.6,0.0
15.0,105.0,6.2,93.8,0.0
15.0,111.0,87.7,12.3,0.0
15.0,117.0,99.6,0.4,0.0
15.0,123.0,72.1,27.9,0.0
15.0,129.0,100.0,0.0,0.0
15.0,135.0,100.0,0.0,0.0
15.0,141.0,100.0,0.0,0.0
15.0,147.0,99.8,0.2,0.0
15.0,153.0,100.0,0.0,0.0
15.0,159.0,100.0,0.0,0.0
15.0,165.0,100.0,0.0,0.0
15.0,171.0,100.0,0.0,0.0
15.0,177.0,100.0,0.0,0.0
9.0,-177.0,100.0,0.0,0.0
9.0,-171.0,100.0,0.0,0.0
9.0,-165.0,100.0,0.0,0.0
9.0,-159.0,100.0,0.0,0.0
9.0,-153.0,100.0,0.0,0.0
9.0,-147.0,100.0,0.0,0.0
9.0,-141.0,100.0,0.0,0.0
9.0,-135.0,100.0,0.0,0.0
9.0,-129.0,100.0,0.0,0.0
9.0,-123.0,100.0,0.0,0.0
9.0,-117.0,100.0,0.0,0.0
9.0,-111.0,100.0,0.0,0.0
9.0,-105.0,100.0,0.0,0.0
9.0,-99.0,100.0,0.0,0.0
9.0,-93.0,100.0,0.0,0.0
9.0,-87.0,89.4,10.6,0.0
9.0,-81.0,79.2,20.8,0.0
9.0,-75.0,30.5,69.5,0.0
9.0,-69.0,18.8,81.2,0.0
9.0,-63.0,33.2,66.8,0.0
9.0,-57.0,89.4,10.6,0.0
9.0,-51.0,100.0,0.0,0.0
9.0,-45.0,100.0,0.0,0.0
9.0,-39.0,100.0,0.0,0.0
9.0,-33.0,100.0,0.0,0.0
9.0,-27.0,100.0,0.0,0.0
9.0,-21.0,100.0,0.0,0.0
9.0,-15.0,74.0,26.0,0.0
9.0,-9.0,3.1,96.9,0.0
9.0,-3.0,1.4,98.6,0.0
9.0,3.0,4.8,95.2,0.0
9.0,9.0,0.3,99.7,0.0
9.0,15.0,0.1,99.9,0.0
9.0,21.0,0.0,100.0,0.0
9.0,27.0,0.0,100.0,0.0
9.0,33.0,0.1,99.9,0.0
9.0,39.0,1.0,99.0,0.0
9.0,45.0,16.3,83.7,0.0
9.0,51.0,65.3,34.7,0.0
9.0,57.0,100.0,0.0,0.0
9.0,63.0,100.0,0.0,0.0
9.0,69.0,100.0,0.0,0.0
9.0,75.0,80.8,19.2,0.0
9.0,81.0,72.4,27.6,0.0
9.0,87.0,100.0,0.0,0.0
9.0,93.0,99.1,0.9,0.0
9.0,99.0,79.3,20.7,0.0
9.0,105.0,72.9,27.1,0.0
9.0,111.0,97.1,2.9,0.0
9.0,117.0,94.1,5.9,0.0
9.0,123.0,69.7,30.3,0.0
9.0,129.0,97.1,2.9,0.0
9.0,135.0,99.9,0.1,0.0
9.0,141.0,100.0,0.0,0.0
9.0,147.0,100.0,0.0,0.0
9.0,153.0,100.0,0.0,0.0
9.0,159.0,99.9,0.1,0.0
9.0,165.0,100.0,0.0,0.0
9.0,171.0,100.0,0.0,0.0
9.0,177.0,100.0,0.0,0.0
3.0,-177.0,100.0,0.0,0.0
3.0,-171.0,100.0,0.0,0.0
3.0,-165.0,100.0,0.0,0.0
3.0,-159.0,99.9,0.1,0.0
3.0,-153.0,100.0,0.0,0.0
3.0,-147.0,100.0,0.0,0.0
3.0,-141.0,100.0,0.0,0.0
3.0,-135.0,100.0,0.0,0.0
3.0,-129.0,100.0,0.0,0.0
3.0,-123.0,100.0,0.0,0.0
3.0,-117.0,100.0,0.0,0.0
3.0,-111.0,100.0,0.0,0.0
3.0,-105.0,100.0,0.0,0.0
3.0,-99.0,100.0,0.0,0.0
3.0,-93.0,99.9,0.1,0.0
3.0,-87.0,100.0,0.0,0.0
3.0,-81.0,91.1,8.9,0.0
3.0,-75.0,5.7,94.3,0.0
3.0,-69.0,0.0,100.0,0.0
3.0,-63.0,0.0,100.0,0.0
3.0,-57.0,1.0,99.0,0.0
3.0,-51.0,53.1,46.9,0.0
3.0,-45.0,100.0,0.0,0.0
3.0,-39.0,100.0,0.0,0.0
3.0,-33.0,100.0,0.0,0.0
3.0,-27.0,100.0,0.0,0.0
3.0,-21.0,100.0,0.0,0.0
3.0,-15.0,100.0,0.0,0.0
3.0,-9.0,86.8,13.2,0.0
3.0,-3.0,85.3,14.7,0.0
3.0,3.0,96.5,3.5,0.0
3.0,9.0,44.1,55.9,0.0
3.0,15.0,0.1,99.9,0.0
3.0,21.0,1.2,98.8,0.0
3.0,27.0,0.1,99.9,0.0
3.0,33.0,3.0,97.0,0.0
3.0,39.0,1.5,98.5,0.0
3.0,45.0,30.6,69.4,0.0
3.0,51.0,98.0,2.0,0.0
3.0,57.0,100.0,0.0,0.0
3.0,63.0,100.0,0.0,0.0
3.0,69.0,100.0,0.0,0.0
3.0,75.0,100.0,0.0,0.0
3.0,81.0,99.9,0.1,0.0
3.0,87.0,100.0,0.0,0.0
3.0,93.0,97.9,2.1,0.0
3.0,99.0,50.3,49.7,0.0
3.0,105.0,77.2,22.8,0.0
3.0,111.0,64.4,35.6,0.0
3.0,117.0,36.9,63.1,0.0
3.0,123.0,90.6,9.4,0.0
3.0,129.0,95.5,4.5,0.0
3.0,135.0,100.0,0.0,0.0
3.0,141.0,100.0,0.0,0.0
3.0,147.0,100.0,0.0,0.0
3.0,153.0,100.0,0.0,0.0
3.0,159.0,100.0,0.0,0.0
3.0,165.0,100.0,0.0,0.0
3.0,171.0,99.9,0.1,0.0
3.0,177.0,100.0,0.0,0.0
-3.0,-177.0,100.0,0.0,0.0
-3.0,-171.0,100.0,0.0,0.0
-3.0,-165.0,100.0,0.0,0.0
-3.0,-159.0,100.0,0.0,0.0
-3.0,-153.0,100.0,0.0,0.0
-3.0,-147.0,100.0,0.0,0.0
-3.0,-141.0,100.0,0.0,0.0
-3.0,-135.0,100.0,0.0,0.0
-3.0,-129.0,100.0,0.0,0.0
-3.0,-123.0,100.0,0.0,0.0
-3.0,-117.0,100.0,0.0,0.0
-3.0,-111.0,100.0,0.0,0.0
-3.0,-105.0,100.0,0.0,0.0
-3.0,-99.0,100.0,0.0,0.0
-3.0,-93.0,98.5,1.5,0.0
-3.0,-87.0,99.9,0.1,0.0
-3.0,-81.0,55.0,45.0,0.0
-3.0,-75.0,0.1,99.9,0.0
-3.0,-69.0,1.1,98.9,0.0
-3.0,-63.0,2.9,97.1,0.0
-3.0,-57.0,2.0,98.0,0.0
-3.0,-51.0,6.2,93.8,0.0
-3.0,-45.0,28.8,71.2,0.0
-3.0,-39.0,62.1,37.9,0.0
-3.0,-33.0,98.2,1.8,0.0
-3.0,-27.0,100.0,0.0,0.0
-3.0,-21.0,100.0,0.0,0.0
-3.0,-15.0,100.0,0.0,0.0
-3.0,-9.0,100.0,0.0,0.0
-3.0,-3.0,100.0,0.0,0.0
-3.0,3.0,100.0,0.0,0.0
-3.0,9.0,73.7,26.3,0.0
-3.0,15.0,1.5,98.5,0.0
-3.0,21.0,0.6,99.4,0.0
-3.0,27.0,4.4,95.6,0.0
-3.0,33.0,14.8,85.2,0.0
-3.0,39.0,25.8,74.2,0.0
-3.0,45.0,98.7,1.3,0.0
-3.0,51.0,100.0,0.0,0.0
-3.0,57.0,99.9,0.1,0.0
-3.0,63.0,100.0,0.0,0.0
-3.0,69.0,100.0,0.0,0.0
-3.0,75.0,100.0,0.0,0.0
-3.0,81.0,100.0,0.0,0.0
-3.0,87.0,100.0,0.0,0.0
-3.0,93.0,100.0,0.0,0.0
-3.0,99.0,86.2,13.8,0.0
-3.0,105.0,53.2,46.8,0.0
-3.0,111.0,62.4,37.6,0.0
-3.0,117.0,61.5,38.5,0.0
-3.0,123.0,75.9,24.1,0.0
-3.0,129.0,88.1,11.9,0.0
-3.0,135.0,59.4,40.6,0.0
-3.0,141.0,44.7,55.3,0.0
-3.0,147.0,86.8,13.2,0.0
-3.0,153.0,92.2,7.8,0.0
-3.0,159.0,100.0,0.0,0.0
-3.0,165.0,100.0,0.0,0.0
-3.0,171.0,100.0,0.0,0.0
-3.0,177.0,100.0,0.0,0.0
-9.0,-177.0,100.0,0.0,0.0
-9.0,-171.0,100.0,0.0,0.0
-9.0,-165.0,100.0,0.0,0.0
-9.0,-159.0,100.0,0.0,0.0
-9.0,-153.0,100.0,0.0,0.0
-9.0,-147.0,100.0,0.0,0.0
-9.0,-141.0,99.8,0.2,0.0
-9.0,-135.0,100.0,0.0,0.0
-9.0,-129.0,100.0,0.0,0.0
-9.0,-123.0,100.0,0.0,0.0
-9.0,-117.0,100.0,0.0,0.0
-9.0,-111.0,100.0,0.0,0.0
-9.0,-105.0,100.0,0.0,0.0
-9.0,-99.0,100.0,0.0,0.0
-9.0,-93.0,100.0,0.0,0.0
-9.0,-87.0,100.0,0.0,0.0
-9.0,-81.0,85.4,14.6,0.0
-9.0,-75.0,2.1,97.9,0.0
-9.0,-69.0,0.0,100.0,0.0
-9.0,-63.0,0.0,100.0,0.0
-9.0,-57.0,0.0,100.0,0.0
-9.0,-51.0,0.0,100.0,0.0
-9.0,-45.0,0.0,100.0,0.0
-9.0,-39.0,5.2,94.8,0.0
-9.0,-33.0,89.9,10.1,0.0
-9.0,-27.0,100.0,0.0,0.0
-9.0,-21.0,100.0,0.0,0.0
-9.0,-15.0,100.0,0.0,0.0
-9.0,-9.0,100.0,0.0,0.0
-9.0,-3.0,100.0,0.0,0.0
-9.0,3.0,100.0,0.0,0.0
-9.0,9.0,100.0,0.0,0.0
-9.0,15.0,20.8,79.2,0.0
-9.0,21.0,0.0,100.0,0.0
-9.0,27.0,3.6,96.4,0.0
-9.0,33.0,6.8,93.2,0.0
-9.0,39.0,37.4,62.6,0.0
-9.0,45.0,99.7,0.3,0.0
-9.0,51.0,100.0,0.0,0.0
-9.0,57.0,100.0,0.0,0.0
-9.0,63.0,100.0,0.0,0.0
-9.0,69.0,100.0,0.0,0.0
-9.0,75.0,100.0,0.0,0.0
-9.0,81.0,100.0,0.0,0.0
-9.0,87.0,100.0,0.0,0.0
-9.0,93.0,100.0,0.0,0.0
-9.0,99.0,100.0,0.0,0.0
-9.0,105.0,92.0,8.0,0.0
-9.0,111.0,79.3,20.7,0.0
-9.0,117.0,91.3,8.7,0.0
-9.0,123.0,88.6,11.4,0.0
-9.0,129.0,94.9,5.1,0.0
-9.0,135.0,96.4,3.6,0.0
-9.0,141.0,55.6,44.4,0.0
-9.0,147.0,68.0,32.0,0.0
-9.0,153.0,95.7,4.3,0.0
-9.0,159.0,94.0,6.0,0.0
-9.0,165.0,99.6,0.4,0.0
-9.0,171.0,100.0,0.0,0.0
-9.0,177.0,100.0,0.0,0.0
-15.0,-177.0,99.8,0.2,0.0
-15.0,-171.0,99.3,0.7,0.0
-15.0,-165.0,100.0,0.0,0.0
-15.0,-159.0,100.0,0.0,0.0
-15.0,-153.0,99.9,0.1,0.0
-15.0,-147.0,99.7,0.3,0.0
-15.0,-141.0,100.0,0.0,0.0
-15.0,-135.0,100.0,0.0,0.0
-15.0,-129.0,100.0,0.0,0.0
-15.0,-123.0,100.0,0.0,0.0
-15.0,-117.0,100.0,0.0,0.0
-15.0,-111.0,100.0,0.0,0.0
-15.0,-105.0,100.0,0.0,0.0
-15.0,-99.0,100.0,0.0,0.0
-15.0,-93.0,100.0,0.0,0.0
-15.0,-87.0,100.0,0.0,0.0
-15.0,-81.0,100.0,0.0,0.0
-15.0,-75.0,53.1,46.9,0.0
-15.0,-69.0,3.7,96.3,0.0
-15.0,-63.0,0.2,99.8,0.0
-15.0,-57.0,0.0,100.0,0.0
-15.0,-51.0,0.0,100.0,0.0
-15.0,-45.0,0.0,100.0,0.0
-15.0,-39.0,47.5,52.5,0.0
-15.0,-33.0,100.0,0.0,0.0
-15.0,-27.0,100.0,0.0,0.0
-15.0,-21.0,100.0,0.0,0.0
-15.0,-15.0,100.0,0.0,0.0
-15.0,-9.0,100.0,0.0,0.0
-15.0,-3.0,100.0,0.0,0.0
-15.0,3.0,100.0,0.0,0.0
-15.0,9.0,98.7,1.3,0.0
-15.0,15.0,6.7,93.3,0.0
-15.0,21.0,0.0,100.0,0.0
-15.0,27.0,1.1,98.9,0.0
-15.0,33.0,4.2,95.8,0.0
-15.0,39.0,33.8,66.2,0.0
-15.0,45.0,74.4,25.6,0.0
-15.0,51.0,72.6,27.4,0.0
-15.0,57.0,100.0,0.0,0.0
-15.0,63.0,100.0,0.0,0.0
-15.0,69.0,100.0,0.0,0.0
-15.0,75.0,100.0,0.0,0.0
-15.0,81.0,100.0,0.0,0.0
-15.0,87.0,100.0,0.0,0.0
-15.0,93.0,100.0,0.0,0.0
-15.0,99.0,100.0,0.0,0.0
-15.0,105.0,100.0,0.0,0.0
-15.0,111.0,100.0,0.0,0.0
-15.0,117.0,100.0,0.0,0.0
-15.0,123.0,78.9,21.1,0.0
-15.0,129.0,29.8,70.2,0.0
-15.0,135.0,21.5,78.5,0.0
-15.0,141.0,54.6,45.4,0.0
-15.0,147.0,84.5,15.5,0.0
-15.0,153.0,100.0,0.0,0.0
-15.0,159.0,100.0,0.0,0.0
-15.0,165.0,98.2,1.8,0.0
-15.0,171.0,99.3,0.7,0.0
-15.0,177.0,96.7,3.3,0.0
-21.0,-177.0,99.8,0.2,0.0
-21.0,-171.0,99.9,0.1,0.0
-21.0,-165.0,100.0,0.0,0.0
-21.0,-159.0,100.0,0.0,0.0
-21.0,-153.0,100.0,0.0,0.0
-21.0,-147.0,100.0,0.0,0.0
-21.0,-141.0,100.0,0.0,0.0
-21.0,-135.0,100.0,0.0,0.0
-21.0,-129.0,100.0,0.0,0.0
-21.0,-123.0,100.0,0.0,0.0
-21.0,-117.0,100.0,0.0,0.0
-21.0,-111.0,100.0,0.0,0.0
-21.0,-105.0,100.0,0.0,0.0
-21.0,-99.0,100.0,0.0,0.0
-21.0,-93.0,100.0,0.0,0.0
-21.0,-87.0,100.0,0.0,0.0
-21.0,-81.0,100.0,0.0,0.0
-21.0,-75.0,100.0,0.0,0.0
-21.0,-69.0,29.2,70.8,0.0
-21.0,-63.0,0.0,100.0,0.0
-21.0,-57.0,0.0,100.0,0.0
-21.0,-51.0,0.2,99.8,0.0
-21.0,-45.0,9.7,90.3,0.0
-21.0,-39.0,79.4,20.6,0.0
-21.0,-33.0,100.0,0.0,0.0
-21.0,-27.0,100.0,0.0,0.0
-21.0,-21.0,100.0,0.0,0.0
-21.0,-15.0,100.0,0.0,0.0
-21.0,-9.0,100.0,0.0,0.0
-21.0,-3.0,100.0,0.0,0.0
-21.0,3.0,100.0,0.0,0.0
-21.0,9.0,99.9,0.1,0.0
-21.0,15.0,25.0,75.0,0.0
-21.0,21.0,0.0,100.0,0.0
-21.0,27.0,0.0,100.0,0.0
-21.0,33.0,10.2,89.8,0.0
-21.0,39.0,98.4,1.6,0.0
-21.0,45.0,32.4,67.6,0.0
-21.0,51.0,91.2,8.8,0.0
-21.0,57.0,98.9,1.1,0.0
-21.0,63.0,100.0,0.0,0.0
-21.0,69.0,100.0,0.0,0.0
-21.0,75.0,100.0,0.0,0.0
-21.0,81.0,100.0,0.0,0.0
-21.0,87.0,100.0,0.0,0.0
-21.0,93.0,100.0,0.0,0.0
-21.0,99.0,100.0,0.0,0.0
-21.0,105.0,100.0,0.0,0.0
-21.0,111.0,98.6,1.4,0.0
-21.0,117.0,48.0,52.0,0.0
-21.0,123.0,8.3,91.7,0.0
-21.0,129.0,0.0,100.0,0.0
-21.0,135.0,0.0,100.0,0.0
-21.0,141.0,0.0,100.0,0.0
-21.0,147.0,23.6,76.4,0.0
-21.0,153.0,95.8,4.2,0.0
-21.0,159.0,100.0,0.0,0.0
-21.0,165.0,95.5,4.5,0.0
-21.0,171.0,99.5,0.5,0.0
-21.0,177.0,99.1,0.9,0.0
-27.0,-177.0,100.0,0.0,0.0
-27.0,-171.0,100.0,0.0,0.0
-27.0,-165.0,100.0,0.0,0.0
-27.0,-159.0,100.0,0.0,0.0
-27.0,-153.0,100.0,0.0,0.0
-27.0,-147.0,100.0,0.0,0.0
-27.0,-141.0,100.0,0.0,0.0
-27.0,-135.0,100.0,0.0,0.0
-27.0,-129.0,100.0,0.0,0.0
-27.0,-123.0,100.0,0.0,0.0
-27.0,-117.0,100.0,0.0,0.0
-27.0,-111.0,100.0,0.0,0.0
-27.0,-105.0,100.0,0.0,0.0
-27.0,-99.0,100.0,0.0,0.0
-27.0,-93.0,100.0,0.0,0.0
-27.0,-87.0,100.0,0.0,0.0
-27.0,-81.0,100.0,0.0,0.0
-27.0,-75.0,100.0,0.0,0.0
-27.0,-69.0,18.5,81.5,0.0
-27.0,-63.0,0.0,100.0,0.0
-27.0,-57.0,1.2,98.8,0.0
-27.0,-51.0,11.6,88.4,0.0
-27.0,-45.0,97.6,2.4,0.0
-27.0,-39.0,100.0,0.0,0.0
-27.0,-33.0,100.0,0.0,0.0
-27.0,-27.0,100.0,0.0,0.0
-27.0,-21.0,100.0,0.0,0.0
-27.0,-15.0,100.0,0.0,0.0
-27.0,-9.0,100.0,0.0,0.0
-27.0,-3.0,100.0,0.0,0.0
-27.0,3.0,100.0,0.0,0.0
-27.0,9.0,100.0,0.0,0.0
-27.0,15.0,59.1,40.9,0.0
-27.0,21.0,0.0,100.0,0.0
-27.0,27.0,0.4,99.6,0.0
-27.0,33.0,51.8,48.2,0.0
-27.0,39.0,100.0,0.0,0.0
-27.0,45.0,87.7,12.3,0.0
-27.0,51.0,100.0,0.0,0.0
-27.0,57.0,100.0,0.0,0.0
-27.0,63.0,100.0,0.0,0.0
-27.0,69.0,100.0,0.0,0.0
-27.0,75.0,100.0,0.0,0.0
-27.0,81.0,100.0,0.0,0.0
-27.0,87.0,100.0,0.0,0.0
-27.0,93.0,100.0,0.0,0.0
-27.0,99.0,100.0,0.0,0.0
-27.0,105.0,100.0,0.0,0.0
-27.0,111.0,97.1,2.9,0.0
-27.0,117.0,4.6,95.4,0.0
-27.0,123.0,0.0,100.0,0.0
-27.0,129.0,0.0,100.0,0.0
-27.0,135.0,0.0,100.0,0.0
-27.0,141.0,0.0,100.0,0.0
-27.0,147.0,0.0,100.0,0.0
-27.0,153.0,48.7,51.3,0.0
-27.0,159.0,100.0,0.0,0.0
-27.0,165.0,100.0,0.0,0.0
-27.0,171.0,100.0,0.0,0.0
-27.0,177.0,100.0,0.0,0.0
-33.0,-177.0,100.0,0.0,0.0
-33.0,-171.0,100.0,0.0,0.0
-33.0,-165.0,100.0,0.0,0.0
-33.0,-159.0,100.0,0.0,0.0
-33.0,-153.0,100.0,0.0,0.0
-33.0,-147.0,100.0,0.0,0.0
-33.0,-141.0,100.0,0.0,0.0
-33.0,-135.0,100.0,0.0,0.0
-33.0,-129.0,100.0,0.0,0.0
-33.0,-123.0,100.0,0.0,0.0
-33.0,-117.0,100.0,0.0,0.0
-33.0,-111.0,100.0,0.0,0.0
-33.0,-105.0,100.0,0.0,0.0
-33.0,-99.0,100.0,0.0,0.0
-33.0,-93.0,100.0,0.0,0.0
-33.0,-87.0,100.0,0.0,0.0
-33.0,-81.0,100.0,0.0,0.0
-33.0,-75.0,98.5,1.5,0.0
-33.0,-69.0,4.6,95.4,0.0
-33.0,-63.0,0.9,99.1,0.0
-33.0,-57.0,13.7,86.3,0.0
-33.0,-51.0,78.3,21.7,0.0
-33.0,-45.0,100.0,0.0,0.0
-33.0,-39.0,100.0,0.0,0.0
-33.0,-33.0,100.0,0.0,0.0
-33.0,-27.0,100.0,0.0,0.0
-33.0,-21.0,100.0,0.0,0.0
-33.0,-15.0,100.0,0.0,0.0
-33.0,-9.0,100.0,0.0,0.0
-33.0,-3.0,100.0,0.0,0.0
-33.0,3.0,100.0,0.0,0.0
-33.0,9.0,100.0,0.0,0.0
-33.0,15.0,98.0,2.0,0.0
-33.0,21.0,30.1,69.9,0.0
-33.0,27.0,46.3,53.7,0.0
-33.0,33.0,98.1,1.9,0.0
-33.0,39.0,100.0,0.0,0.0
-33.0,45.0,100.0,0.0,0.0
-33.0,51.0,100.0,0.0,0.0
-33.0,57.0,100.0,0.0,0.0
-33.0,63.0,100.0,0.0,0.0
-33.0,69.0,100.0,0.0,0.0
-33.0,75.0,100.0,0.0,0.0
-33.0,81.0,100.0,0.0,0.0
-33.0,87.0,100.0,0.0,0.0
-33.0,93.0,100.0,0.0,0.0
-33.0,99.0,100.0,0.0,0.0
-33.0,105.0,100.0,0.0,0.0
-33.0,111.0,100.0,0.0,0.0
-33.0,117.0,39.6,60.4,0.0
-33.0,123.0,41.3,58.7,0.0
-33.0,129.0,68.6,31.4,0.0
-33.0,135.0,43.5,56.5,0.0
-33.0,141.0,2.9,97.1,0.0
-33.0,147.0,0.1,99.9,0.0
-33.0,153.0,69.2,30.8,0.0
-33.0,159.0,100.0,0.0,0.0
-33.0,165.0,100.0,0.0,0.0
-33.0,171.0,98.0,2.0,0.0
-33.0,177.0,99.0,1.0,0.0
-39.0,-177.0,100.0,0.0,0.0
-39.0,-171.0,100.0,0.0,0.0
-39.0,-165.0,100.0,0.0,0.0
-39.0,-159.0,100.0,0.0,0.0
-39.0,-153.0,100.0,0.0,0.0
-39.0,-147.0,100.0,0.0,0.0
-39.0,-141.0,100.0,0.0,0.0
-39.0,-135.0,100.0,0.0,0.0
-39.0,-129.0,100.0,0.0,0.0
-39.0,-123.0,100.0,0.0,0.0
-39.0,-117.0,100.0,0.0,0.0
-39.0,-111.0,100.0,0.0,0.0
-39.0,-105.0,100.0,0.0,0.0
-39.0,-99.0,100.0,0.0,0.0
-39.0,-93.0,100.0,0.0,0.0
-39.0,-87.0,100.0,0.0,0.0
-39.0,-81.0,100.0,0.0,0.0
-39.0,-75.0,77.0,23.0,0.0
-39.0,-69.0,0.3,99.7,0.0
-39.0,-63.0,26.6,73.4,0.0
-39.0,-57.0,79.4,20.6,0.0
-39.0,-51.0,100.0,0.0,0.0
-39.0,-45.0,100.0,0.0,0.0
-39.0,-39.0,100.0,0.0,0.0
-39.0,-33.0,100.0,0.0,0.0
-39.0,-27.0,100.0,0.0,0.0
-39.0,-21.0,100.0,0.0,0.0
-39.0,-15.0,100.0,0.0,0.0
-39.0,-9.0,100.0,0.0,0.0
-39.0,-3.0,100.0,0.0,0.0
-39.0,3.0,100.0,0.0,0.0
-39.0,9.0,100.0,0.0,0.0
-39.0,15.0,100.0,0.0,0.0
-39.0,21.0,100.0,0.0,0.0
-39.0,27.0,100.0,0.0,0.0
-39.0,33.0,100.0,0.0,0.0
-39.0,39.0,100.0,0.0,0.0
-39.0,45.0,100.0,0.0,0.0
-39.0,51.0,100.0,0.0,0.0
-39.0,57.0,100.0,0.0,0.0
-39.0,63.0,100.0,0.0,0.0
-39.0,69.0,100.0,0.0,0.0
-39.0,75.0,100.0,0.0,0.0
-39.0,81.0,100.0,0.0,0.0
-39.0,87.0,100.0,0.0,0.0
-39.0,93.0,100.0,0.0,0.0
-39.0,99.0,100.0,0.0,0.0
-39.0,105.0,100.0,0.0,0.0
-39.0,111.0,100.0,0.0,0.0
-39.0,117.0,100.0,0.0,0.0
-39.0,123.0,100.0,0.0,0.0
-39.0,129.0,100.0,0.0,0.0
-39.0,135.0,99.9,0.1,0.0
-39.0,141.0,73.1,26.9,0.0
-39.0,147.0,52.6,47.4,0.0
-39.0,153.0,99.8,0.2,0.0
-39.0,159.0,100.0,0.0,0.0
-39.0,165.0,100.0,0.0,0.0
-39.0,171.0,93.5,6.5,0.0
-39.0,177.0,70.2,29.8,0.0
-45.0,-177.0,99.7,0.3,0.0
-45.0,-171.0,100.0,0.0,0.0
-45.0,-165.0,100.0,0.0,0.0
-45.0,-159.0,100.0,0.0,0.0
-45.0,-153.0,100.0,0.0,0.0
-45.0,-147.0,100.0,0.0,0.0
-45.0,-141.0,100.0,0.0,0.0
-45.0,-135.0,100.0,0.0,0.0
-45.0,-129.0,100.0,0.0,0.0
-45.0,-123.0,100.0,0.0,0.0
-45.0,-117.0,100.0,0.0,0.0
-45.0,-111.0,100.0,0.0,0.0
-45.0,-105.0,100.0,0.0,0.0
-45.0,-99.0,100.0,0.0,0.0
-45.0,-93.0,100.0,0.0,0.0
-45.0,-87.0,100.0,0.0,0.0
-45.0,-81.0,100.0,0.0,0.0
-45.0,-75.0,67.7,32.3,0.0
-45.0,-69.0,7.8,92.2,0.0
-45.0,-63.0,90.5,9.5,0.0
-45.0,-57.0,100.0,0.0,0.0
-45.0,-51.0,100.0,0.0,0.0
-45.0,-45.0,100.0,0.0,0.0
-45.0,-39.0,100.0,0.0,0.0
-45.0,-33.0,100.0,0.0,0.0
-45.0,-27.0,100.0,0.0,0.0
-45.0,-21.0,100.0,0.0,0.0
-45.0,-15.0,100.0,0.0,0.0
-45.0,-9.0,100.0,0.0,0.0
-45.0,-3.0,100.0,0.0,0.0
-45.0,3.0,100.0,0.0,0.0
-45.0,9.0,100.0,0.0,0.0
-45.0,15.0,100.0,0.0,0.0
-45.0,21.0,100.0,0.0,0.0
-45.0,27.0,100.0,0.0,0.0
-45.0,33.0,100.0,0.0,0.0
-45.0,39.0,99.9,0.1,0.0
-45.0,45.0,100.0,0.0,0.0
-45.0,51.0,99.9,0.1,0.0
-45.0,57.0,100.0,0.0,0.0
-45.0,63.0,100.0,0.0,0.0
-45.0,69.0,100.0,0.0,0.0
-45.0,75.0,100.0,0.0,0.0
-45.0,81.0,100.0,0.0,0.0
-45.0,87.0,100.0,0.0,0.0
-45.0,93.0,100.0,0.0,0.0
-45.0,99.0,100.0,0.0,0.0
-45.0,105.0,100.0,0.0,0.0
-45.0,111.0,100.0,0.0,0.0
-45.0,117.0,100.0,0.0,0.0
-45.0,123.0,100.0,0.0,0.0
-45.0,129.0,100.0,0.0,0.0
-45.0,135.0,100.0,0.0,0.0
-45.0,141.0,100.0,0.0,0.0
-45.0,147.0,90.6,9.4,0.0
-45.0,153.0,100.0,0.0,0.0
-45.0,159.0,100.0,0.0,0.0
-45.0,165.0,94.7,5.3,0.0
-45.0,171.0,65.1,34.9,0.0
-45.0,177.0,100.0,0.0,0.0
-51.0,-177.0,100.0,0.0,0.0
-51.0,-171.0,100.0,0.0,0.0
-51.0,-165.0,100.0,0.0,0.0
-51.0,-159.0,100.0,0.0,0.0
-51.0,-153.0,100.0,0.0,0.0
-51.0,-147.0,100.0,0.0,0.0
-51.0,-141.0,100.0,0.0,0.0
-51.0,-135.0,100.0,0.0,0.0
-51.0,-129.0,100.0,0.0,0.0
-51.0,-123.0,100.0,0.0,0.0
-51.0,-117.0,100.0,0.0,0.0
-51.0,-111.0,100.0,0.0,0.0
-51.0,-105.0,100.0,0.0,0.0
-51.0,-99.0,100.0,0.0,0.0
-51.0,-93.0,100.0,0.0,0.0
-51.0,-87.0,100.0,0.0,0.0
-51.0,-81.0,100.0,0.0,0.0
-51.0,-75.0,62.3,37.7,0.0
-51.0,-69.0,40.8,59.2,0.0
-51.0,-63.0,98.9,1.1,0.0
-51.0,-57.0,96.8,3.2,0.0
-51.0,-51.0,100.0,0.0,0.0
-51.0,-45.0,100.0,0.0,0.0
-51.0,-39.0,100.0,0.0,0.0
-51.0,-33.0,100.0,0.0,0.0
-51.0,-27.0,100.0,0.0,0.0
-51.0,-21.0,100.0,0.0,0.0
-51.0,-15.0,100.0,0.0,0.0
-51.0,-9.0,100.0,0.0,0.0
-51.0,-3.0,100.0,0.0,0.0
-51.0,3.0,100.0,0.0,0.0
-51.0,9.0,100.0,0.0,0.0
-51.0,15.0,100.0,0.0,0.0
-51.0,21.0,100.0,0.0,0.0
-51.0,27.0,100.0,0.0,0.0
-51.0,33.0,100.0,0.0,0.0
-51.0,39.0,100.0,0.0,0.0
-51.0,45.0,100.0,0.0,0.0
-51.0,51.0,100.0,0.0,0.0
-51.0,57.0,100.0,0.0,0.0
-51.0,63.0,100.0,0.0,0.0
-51.0,69.0,97.5,2.5,0.0
-51.0,75.0,99.8,0.2,0.0
-51.0,81.0,100.0,0.0,0.0
-51.0,87.0,100.0,0.0,0.0
-51.0,93.0,100.0,0.0,0.0
-51.0,99.0,100.0,0.0,0.0
-51.0,105.0,100.0,0.0,0.0
-51.0,111.0,100.0,0.0,0.0
-51.0,117.0,100.0,0.0,0.0
-51.0,123.0,100.0,0.0,0.0
-51.0,129.0,100.0,0.0,0.0
-51.0,135.0,100.0,0.0,0.0
-51.0,141.0,100.0,0.0,0.0
-51.0,147.0,100.0,0.0,0.0
-51.0,153.0,100.0,0.0,0.0
-51.0,159.0,100.0,0.0,0.0
-51.0,165.0,99.8,0.2,0.0
-51.0,171.0,100.0,0.0,0.0
-51.0,177.0,100.0,0.0,0.0
-57.0,-177.0,100.0,0.0,0.0
-57.0,-171.0,100.0,0.0,0.0
-57.0,-165.0,100.0,0.0,0.0
-57.0,-159.0,100.0,0.0,0.0
-57.0,-153.0,100.0,0.0,0.0
-57.0,-147.0,100.0,0.0,0.0
-57.0,-141.0,100.0,0.0,0.0
-57.0,-135.0,100.0,0.0,0.0
-57.0,-129.0,100.0,0.0,0.0
-57.0,-123.0,100.0,0.0,0.0
-57.0,-117.0,100.0,0.0,0.0
-57.0,-111.0,100.0,0.0,0.0
-57.0,-105.0,100.0,0.0,0.0
-57.0,-99.0,100.0,0.0,0.0
-57.0,-93.0,100.0,0.0,0.0
-57.0,-87.0,100.0,0.0,0.0
-57.0,-81.0,100.0,0.0,0.0
-57.0,-75.0,99.4,0.6,0.0
-57.0,-69.0,84.9,15.1,0.0
-57.0,-63.0,99.2,0.8,0.0
-57.0,-57.0,100.0,0.0,0.0
-57.0,-51.0,100.0,0.0,0.0
-57.0,-45.0,100.0,0.0,0.0
-57.0,-39.0,98.7,1.3,0.0
-57.0,-33.0,99.9,0.1,0.0
-57.0,-27.0,99.9,0.1,0.0
-57.0,-21.0,100.0,0.0,0.0
-57.0,-15.0,100.0,0.0,0.0
-57.0,-9.0,100.0,0.0,0.0
-57.0,-3.0,100.0,0.0,0.0
-57.0,3.0,100.0,0.0,0.0
-57.0,9.0,100.0,0.0,0.0
-57.0,15.0,100.0,0.0,0.0
-57.0,21.0,100.0,0.0,0.0
-57.0,27.0,100.0,0.0,0.0
-57.0,33.0,100.0,0.0,0.0
-57.0,39.0,100.0,0.0,0.0
-57.0,45.0,100.0,0.0,0.0
-57.0,51.0,100.0,0.0,0.0
-57.0,57.0,100.0,0.0,0.0
-57.0,63.0,100.0,0.0,0.0
-57.0,69.0,100.0,0.0,0.0
-57.0,75.0,100.0,0.0,0.0
-57.0,81.0,100.0,0.0,0.0
-57.0,87.0,100.0,0.0,0.0
-57.0,93.0,100.0,0.0,0.0
-57.0,99.0,100.0,0.0,0.0
-57.0,105.0,100.0,0.0,0.0
-57.0,111.0,100.0,0.0,0.0
-57.0,117.0,100.0,0.0,0.0
-57.0,123.0,100.0,0.0,0.0
-57.0,129.0,100.0,0.0,0.0
-57.0,135.0,100.0,0.0,0.0
-57.0,141.0,100.0,0.0,0.0
-57.0,147.0,100.0,0.0,0.0
-57.0,153.0,100.0,0.0,0.0
-57.0,159.0,99.9,0.1,0.0
-57.0,165.0,100.0,0.0,0.0
-57.0,171.0,100.0,0.0,0.0
-57.0,177.0,100.0,0.0,0.0
-63.0,-177.0,100.0,0.0,0.0
-63.0,-171.0,100.0,0.0,0.0
-63.0,-165.0,100.0,0.0,0.0
-63.0,-159.0,100.0,0.0,0.0
-63.0,-153.0,100.0,0.0,0.0
-63.0,-147.0,100.0,0.0,0.0
-63.0,-141.0,100.0,0.0,0.0
-63.0,-135.0,100.0,0.0,0.0
-63.0,-129.0,100.0,0.0,0.0
-63.0,-123.0,100.0,0.0,0.0
-63.0,-117.0,100.0,0.0,0.0
-63.0,-111.0,100.0,0.0,0.0
-63.0,-105.0,100.0,0.0,0.0
-63.0,-99.0,100.0,0.0,0.0
-63.0,-93.0,100.0,0.0,0.0
-63.0,-87.0,100.0,0.0,0.0
-63.0,-81.0,100.0,0.0,0.0
-63.0,-75.0,100.0,0.0,0.0
-63.0,-69.0,100.0,0.0,0.0
-63.0,-63.0,90.3,9.7,0.0
-63.0,-57.0,95.9,4.1,0.0
-63.0,-51.0,100.0,0.0,0.0
-63.0,-45.0,100.0,0.0,0.0
-63.0,-39.0,100.0,0.0,0.0
-63.0,-33.0,100.0,0.0,0.0
-63.0,-27.0,100.0,0.0,0.0
-63.0,-21.0,100.0,0.0,0.0
-63.0,-15.0,100.0,0.0,0.0
-63.0,-9.0,100.0,0.0,0.0
-63.0,-3.0,100.0,0.0,0.0
-63.0,3.0,100.0,0.0,0.0
-63.0,9.0,100.0,0.0,0.0
-63.0,15.0,100.0,0.0,0.0
-63.0,21.0,100.0,0.0,0.0
-63.0,27.0,100.0,0.0,0.0
-63.0,33.0,100.0,0.0,0.0
-63.0,39.0,100.0,0.0,0.0
-63.0,45.0,100.0,0.0,0.0
-63.0,51.0,99.7,0.3,0.0
-63.0,57.0,99.7,0.3,0.0
-63.0,63.0,100.0,0.0,0.0
-63.0,69.0,100.0,0.0,0.0
-63.0,75.0,100.0,0.0,0.0
-63.0,81.0,100.0,0.0,0.0
-63.0,87.0,100.0,0.0,0.0
-63.0,93.0,100.0,0.0,0.0
-63.0,99.0,99.2,0.8,0.0
-63.0,105.0,99.5,0.5,0.0
-63.0,111.0,99.2,0.8,0.0
-63.0,117.0,100.0,0.0,0.0
-63.0,123.0,100.0,0.0,0.0
-63.0,129.0,100.0,0.0,0.0
-63.0,135.0,100.0,0.0,0.0
-63.0,141.0,100.0,0.0,0.0
-63.0,147.0,100.0,0.0,0.0
-63.0,153.0,100.0,0.0,0.0
-63.0,159.0,100.0,0.0,0.0
-63.0,165.0,100.0,0.0,0.0
-63.0,171.0,100.0,0.0,0.0
-63.0,177.0,100.0,0.0,0.0
-69.0,-177.0,100.0,0.0,0.0
-69.0,-171.0,100.0,0.0,0.0
-69.0,-165.0,100.0,0.0,0.0
-69.0,-159.0,100.0,0.0,0.0
-69.0,-153.0,100.0,0.0,0.0
-69.0,-147.0,100.0,0.0,0.0
-69.0,-141.0,100.0,0.0,0.0
-69.0,-135.0,100.0,0.0,0.0
-69.0,-129.0,100.0,0.0,0.0
-69.0,-123.0,100.0,0.0,0.0
-69.0,-117.0,100.0,0.0,0.0
-69.0,-111.0,100.0,0.0,0.0
-69.0,-105.0,100.0,0.0,0.0
-69.0,-99.0,98.5,1.5,0.0
-69.0,-93.0,99.9,0.1,0.0
-69.0,-87.0,100.0,0.0,0.0
-69.0,-81.0,100.0,0.0,0.0
-69.0,-75.0,91.1,8.9,0.0
-69.0,-69.0,56.7,43.3,0.0
-69.0,-63.0,52.3,47.7,0.0
-69.0,-57.0,100.0,0.0,0.0
-69.0,-51.0,100.0,0.0,0.0
-69.0,-45.0,100.0,0.0,0.0
-69.0,-39.0,100.0,0.0,0.0
-69.0,-33.0,100.0,0.0,0.0
-69.0,-27.0,100.0,0.0,0.0
-69.0,-21.0,100.0,0.0,0.0
-69.0,-15.0,99.7,0.3,0.0
-69.0,-9.0,87.8,12.2,0.0
-69.0,-3.0,88.4,11.6,0.0
-69.0,3.0,81.2,18.8,0.0
-69.0,9.0,75.0,25.0,0.0
-69.0,15.0,71.8,28.2,0.0
-69.0,21.0,77.5,22.5,0.0
-69.0,27.0,78.9,21.1,0.0
-69.0,33.0,60.4,39.6,0.0
-69.0,39.0,56.4,43.6,0.0
-69.0,45.0,30.7,69.3,0.0
-69.0,51.0,9.7,90.3,0.0
-69.0,57.0,12.5,87.5,0.0
-69.0,63.0,26.3,73.7,0.0
-69.0,69.0,63.5,36.5,0.0
-69.0,75.0,62.8,37.2,0.0
-69.0,81.0,32.1,67.9,0.0
-69.0,87.0,15.9,84.1,0.0
-69.0,93.0,10.5,89.5,0.0
-69.0,99.0,7.6,92.4,0.0
-69.0,105.0,3.8,96.2,0.0
-69.0,111.0,6.3,93.7,0.0
-69.0,117.0,17.4,82.6,0.0
-69.0,123.0,13.8,86.2,0.0
-69.0,129.0,10.9,89.1,0.0
-69.0,135.0,4.7,95.3,0.0
-69.0,141.0,13.0,87.0,0.0
-69.0,147.0,34.5,65.5,0.0
-69.0,153.0,45.0,55.0,0.0
-69.0,159.0,61.2,38.8,0.0
-69.0,165.0,77.4,22.6,0.0
-69.0,171.0,95.5,4.5,0.0
-69.0,177.0,100.0,0.0,0.0
-75.0,-177.0,100.0,0.0,0.0
-75.0,-171.0,100.0,0.0,0.0
-75.0,-165.0,100.0,0.0,0.0
-75.0,-159.0,94.7,5.3,0.0
-75.0,-153.0,88.6,11.4,0.0
-75.0,-147.0,78.1,21.9,0.0
-75.0,-141.0,57.1,42.9,0.0
-75.0,-135.0,47.3,52.7,0.0
-75.0,-129.0,43.9,56.1,0.0
-75.0,-123.0,39.4,60.6,0.0
-75.0,-117.0,39.2,60.8,0.0
-75.0,-111.0,47.9,52.1,0.0
-75.0,-105.0,50.8,49.2,0.0
-75.0,-99.0,20.9,79.1,0.0
-75.0,-93.0,18.8,81.2,0.0
-75.0,-87.0,20.3,79.7,0.0
-75.0,-81.0,26.3,73.7,0.0
-75.0,-75.0,35.6,64.4,0.0
-75.0,-69.0,38.0,62.0,0.0
-75.0,-63.0,54.9,45.1,0.0
-75.0,-57.0,99.9,0.1,0.0
-75.0,-51.0,99.8,0.2,0.0
-75.0,-45.0,98.6,1.4,0.0
-75.0,-39.0,100.0,0.0,0.0
-75.0,-33.0,88.4,11.6,0.0
-75.0,-27.0,69.1,30.9,0.0
-75.0,-21.0,58.3,41.7,0.0
-75.0,-15.0,24.0,76.0,0.0
-75.0,-9.0,1.0,99.0,0.0
-75.0,-3.0,0.0,100.0,0.0
-75.0,3.0,0.0,100.0,0.0
-75.0,9.0,0.0,100.0,0.0
-75.0,15.0,0.0,100.0,0.0
-75.0,21.0,0.0,100.0,0.0
-75.0,27.0,0.0,100.0,0.0
-75.0,33.0,0.0,100.0,0.0
-75.0,39.0,0.0,100.0,0.0
-75.0,45.0,0.0,100.0,0.0
-75.0,51.0,0.0,100.0,0.0
-75.0,57.0,0.0,100.0,0.0
-75.0,63.0,0.0,100.0,0.0
-75.0,69.0,6.0,94.0,0.0
-75.0,75.0,0.0,100.0,0.0
-75.0,81.0,0.0,100.0,0.0
-75.0,87.0,0.0,100.0,0.0
-75.0,93.0,0.0,100.0,0.0
-75.0,99.0,0.0,100.0,0.0
-75.0,105.0,0.0,100.0,0.0
-75.0,111.0,0.0,100.0,0.0
-75.0,117.0,0.0,100.0,0.0
-75.0,123.0,0.0,100.0,0.0
-75.0,129.0,0.0,100.0,0.0
-75.0,135.0,0.0,100.0,0.0
-75.0,141.0,0.0,100.0,0.0
-75.0,147.0,0.0,100.0,0.0
-75.0,153.0,0.0,100.0,0.0
-75.0,159.0,0.4,99.6,0.0
-75.0,165.0,55.7,44.3,0.0
-75.0,171.0,93.5,6.5,0.0
-75.0,177.0,100.0,0.0,0.0
-81.0,-177.0,0.0,0.1,99.9
-81.0,-171.0,0.0,4.3,95.7
-81.0,-165.0,0.0,16.3,83.7
-81.0,-159.0,0.0,18.7,81.3
-81.0,-153.0,0.0,59.0,41.0
-81.0,-147.0,0.0,95.5,4.5
-81.0,-141.0,0.0,100.0,0.0
-81.0,-135.0,0.0,100.0,0.0
-81.0,-129.0,0.0,100.0,0.0
-81.0,-123.0,0.0,100.0,0.0
-81.0,-117.0,0.0,100.0,0.0
-81.0,-111.0,0.0,100.0,0.0
-81.0,-105.0,0.0,100.0,0.0
-81.0,-99.0,0.0,100.0,0.0
-81.0,-93.0,0.0,100.0,0.0
-81.0,-87.0,0.0,100.0,0.0
-81.0,-81.0,0.0,90.5,9.5
-81.0,-75.0,0.0,62.0,38.0
-81.0,-69.0,0.0,59.4,40.6
-81.0,-63.0,0.0,34.1,65.9
-81.0,-57.0,0.0,20.5,79.5
-81.0,-51.0,0.0,57.7,42.3
-81.0,-45.0,0.0,61.1,38.9
-81.0,-39.0,0.0,49.4,50.6
-81.0,-33.0,0.0,78.5,21.5
-81.0,-27.0,0.0,94.0,6.0
-81.0,-21.0,0.0,99.5,0.5
-81.0,-15.0,0.0,100.0,0.0
-81.0,-9.0,0.0,100.0,0.0
-81.0,-3.0,0.0,100.0,0.0
-81.0,3.0,0.0,100.0,0.0
-81.0,9.0,0.0,100.0,0.0
-81.0,15.0,0.0,100.0,0.0
-81.0,21.0,0.0,100.0,0.0
-81.0,27.0,0.0,100.0,0.0
-81.0,33.0,0.0,100.0,0.0
-81.0,39.0,0.0,100.0,0.0
-81.0,45.0,0.0,100.0,0.0
-81.0,51.0,0.0,100.0,0.0
-81.0,57.0,0.0,100.0,0.0
-81.0,63.0,0.0,100.0,0.0
-81.0,69.0,0.0,100.0,0.0
-81.0,75.0,0.0,100.0,0.0
-81.0,81.0,0.0,100.0,0.0
-81.0,87.0,0.0,100.0,0.0
-81.0,93.0,0.0,100.0,0.0
-81.0,99.0,0.0,100.0,0.0
-81.0,105.0,0.0,100.0,0.0
-81.0,111.0,0.0,100.0,0.0
-81.0,117.0,0.0,100.0,0.0
-81.0,123.0,0.0,100.0,0.0
-81.0,129.0,0.0,100.0,0.0
-81.0,135.0,0.0,100.0,0.0
-81.0,141.0,0.0,100.0,0.0
-81.0,147.0,0.0,100.0,0.0
-81.0,153.0,0.0,100.0,0.0
-81.0,159.0,0.0,87.6,12.4
-81.0,165.0,0.0,32.9,67.1
-81.0,171.0,0.0,8.0,92.0
-81.0,177.0,0.0,0.5,99.5
-87.0,-177.0,0.0,93.1,6.9
-87.0,-171.0,0.0,90.6,9.4
-87.0,-165.0,0.0,89.3,10.7
-87.0,-159.0,0.0,94.8,5.2
-87.0,-153.0,0.0,99.9,0.1
-87.0,-147.0,0.0,100.0,0.0
-87.0,-141.0,0.0,100.0,0.0
-87.0,-135.0,0.0,100.0,0.0
-87.0,-129.0,0.0,100.0,0.0
-87.0,-123.0,0.0,100.0,0.0
-87.0,-117.0,0.0,100.0,0.0
-87.0,-111.0,0.0,100.0,0.0
-87.0,-105.0,0.0,100.0,0.0
-87.0,-99.0,0.0,100.0,0.0
-87.0,-93.0,0.0,100.0,0.0
-87.0,-87.0,0.0,100.0,0.0
-87.0,-81.0,0.0,100.0,0.0
-87.0,-75.0,0.0,100.0,0.0
-87.0,-69.0,0.0,100.0,0.0
-87.0,-63.0,0.0,100.0,0.0
-87.0,-57.0,0.0,100.0,0.0
-87.0,-51.0,0.0,100.0,0.0
-87.0,-45.0,0.0,100.0,0.0
-87.0,-39.0,0.0,100.0,0.0
-87.0,-33.0,0.0,100.0,0.0
-87.0,-27.0,0.0,100.0,0.0
-87.0,-21.0,0.0,100.0,0.0
-87.0,-15.0,0.0,100.0,0.0
-87.0,-9.0,0.0,100.0,0.0
-87.0,-3.0,0.0,100.0,0.0
-87.0,3.0,0.0,100.0,0.0
-87.0,9.0,0.0,100.0,0.0
-87.0,15.0,0.0,100.0,0.0
-87.0,21.0,0.0,100.0,0.0
-87.0,27.0,0.0,100.0,0.0
-87.0,33.0,0.0,100.0,0.0
-87.0,39.0,0.0,100.0,0.0
-87.0,45.0,0.0,100.0,0.0
-87.0,51.0,0.0,100.0,0.0
-87.0,57.0,0.0,100.0,0.0
-87.0,63.0,0.0,100.0,0.0
-87.0,69.0,0.0,100.0,0.0
-87.0,75.0,0.0,100.0,0.0
-87.0,81.0,0.0,100.0,0.0
-87.0,87.0,0.0,100.0,0.0
-87.0,93.0,0.0,100.0,0.0
-87.0,99.0,0.0,100.0,0.0
-87.0,105.0,0.0,100.0,0.0
-87.0,111.0,0.0,100.0,0.0
-87.0,117.0,0.0,100.0,0.0
-87.0,123.0,0.0,100.0,0.0
-87.0,129.0,0.0,100.0,0.0
-87.0,135.0,0.0,100.0,0.0
-87.0,141.0,0.0,100.0,0.0
-87.0,147.0,0.0,100.0,0.0
-87.0,153.0,0.0,100.0,0.0
-87.0,159.0,0.0,100.0,0.0
-87.0,165.0,0.0,100.0,0.0
-87.0,171.0,0.0,100.0,0.0
-87.0,177.0,0.0,98.6,1.4
