latitude,longitude,heat_capacity_J_per_K
-87.0,-177.0,2.2985011375445e+16
-87.0,-171.0,2.3100363323069996e+16
-87.0,-165.0,2.3160346335835e+16
-87.0,-159.0,2.290657205106e+16
-87.0,-153.0,2.2671254077905004e+16
-87.0,-147.0,2.266664e+16
-87.0,-141.0,2.266664e+16
-87.0,-135.0,2.266664e+16
-87.0,-129.0,2.266664e+16
-87.0,-123.0,2.266664e+16
-87.0,-117.0,2.266664e+16
-87.0,-111.0,2.266664e+16
-87.0,-105.0,2.266664e+16
-87.0,-99.0,2.266664e+16
-87.0,-93.0,2.266664e+16
-87.0,-87.0,2.266664e+16
-87.0,-81.0,2.266664e+16
-87.0,-75.0,2.266664e+16
-87.0,-69.0,2.266664e+16
-87.0,-63.0,2.266664e+16
-87.0,-57.0,2.266664e+16
-87.0,-51.0,2.266664e+16
-87.0,-45.0,2.266664e+16
-87.0,-39.0,2.266664e+16
-87.0,-33.0,2.266664e+16
-87.0,-27.0,2.266664e+16
-87.0,-21.0,2.266664e+16
-87.0,-15.0,2.266664e+16
-87.0,-9.0,2.266664e+16
-87.0,-3.0,2.266664e+16
-87.0,3.0,2.266664e+16
-87.0,9.0,2.266664e+16
-87.0,15.0,2.266664e+16
-87.0,21.0,2.266664e+16
-87.0,27.0,2.266664e+16
-87.0,33.0,2.266664e+16
-87.0,39.0,2.266664e+16
-87.0,45.0,2.266664e+16
-87.0,51.0,2.266664e+16
-87.0,57.0,2.266664e+16
-87.0,63.0,2.266664e+16
-87.0,69.0,2.266664e+16
-87.0,75.0,2.266664e+16
-87.0,81.0,2.266664e+16
-87.0,87.0,2.266664e+16
-87.0,93.0,2.266664e+16
-87.0,99.0,2.266664e+16
-87.0,105.0,2.266664e+16
-87.0,111.0,2.266664e+16
-87.0,117.0,2.266664e+16
-87.0,123.0,2.266664e+16
-87.0,129.0,2.266664e+16
-87.0,135.0,2.266664e+16
-87.0,141.0,2.266664e+16
-87.0,147.0,2.266664e+16
-87.0,153.0,2.266664e+16
-87.0,159.0,2.266664e+16
-87.0,165.0,2.266664e+16
-87.0,171.0,2.266664e+16
-87.0,177.0,2.273123709067e+16
-81.0,-177.0,2.7276103827095004e+16
-81.0,-171.0,2.7082312555085004e+16
-81.0,-165.0,2.6528623206485004e+16
-81.0,-159.0,2.6417885336765e+16
-81.0,-153.0,2.455841194105e+16
-81.0,-147.0,2.2874273505725e+16
-81.0,-141.0,2.266664e+16
-81.0,-135.0,2.266664e+16
-81.0,-129.0,2.266664e+16
-81.0,-123.0,2.266664e+16
-81.0,-117.0,2.266664e+16
-81.0,-111.0,2.266664e+16
-81.0,-105.0,2.266664e+16
-81.0,-99.0,2.266664e+16
-81.0,-93.0,2.266664e+16
-81.0,-87.0,2.266664e+16
-81.0,-81.0,2.3104977400975e+16
-81.0,-75.0,2.44199896039e+16
-81.0,-69.0,2.453995562943e+16
-81.0,-63.0,2.5707317339395e+16
-81.0,-57.0,2.6334831934475e+16
-81.0,-51.0,2.4618394953815e+16
-81.0,-45.0,2.4461516305045e+16
-81.0,-39.0,2.500136341993e+16
-81.0,-33.0,2.3658666749575e+16
-81.0,-27.0,2.29434846743e+16
-81.0,-21.0,2.2689710389525e+16
-81.0,-15.0,2.266664e+16
-81.0,-9.0,2.266664e+16
-81.0,-3.0,2.266664e+16
-81.0,3.0,2.266664e+16
-81.0,9.0,2.266664e+16
-81.0,15.0,2.266664e+16
-81.0,21.0,2.266664e+16
-81.0,27.0,2.266664e+16
-81.0,33.0,2.266664e+16
-81.0,39.0,2.266664e+16
-81.0,45.0,2.266664e+16
-81.0,51.0,2.266664e+16
-81.0,57.0,2.266664e+16
-81.0,63.0,2.266664e+16
-81.0,69.0,2.266664e+16
-81.0,75.0,2.266664e+16
-81.0,81.0,2.266664e+16
-81.0,87.0,2.266664e+16
-81.0,93.0,2.266664e+16
-81.0,99.0,2.266664e+16
-81.0,105.0,2.266664e+16
-81.0,111.0,2.266664e+16
-81.0,117.0,2.266664e+16
-81.0,123.0,2.266664e+16
-81.0,129.0,2.266664e+16
-81.0,135.0,2.266664e+16
-81.0,141.0,2.266664e+16
-81.0,147.0,2.266664e+16
-81.0,153.0,2.266664e+16
-81.0,159.0,2.3238785660219996e+16
-81.0,165.0,2.576268627425499e+16
-81.0,171.0,2.69115916726e+16
-81.0,177.0,2.7257647515475e+16
-75.0,-177.0,5.92732636e+16
-75.0,-171.0,5.92732636e+16
-75.0,-165.0,5.92732636e+16
-75.0,-159.0,5.73331125492e+16
-75.0,-153.0,5.510010850959999e+16
-75.0,-147.0,5.125641303159999e+16
-75.0,-141.0,4.35690220756e+16
-75.0,-135.0,3.99815729628e+16
-75.0,-129.0,3.87369477604e+16
-75.0,-123.0,3.70896496984e+16
-75.0,-117.0,3.70164364512e+16
-75.0,-111.0,4.02012127044e+16
-75.0,-105.0,4.12628047888e+16
-75.0,-99.0,3.0317424332399996e+16
-75.0,-93.0,2.95486852368e+16
-75.0,-87.0,3.00977845908e+16
-75.0,-81.0,3.22941820068e+16
-75.0,-75.0,3.5698598001600004e+16
-75.0,-69.0,3.6577156968e+16
-75.0,-63.0,4.27636763564e+16
-75.0,-57.0,5.923665697640001e+16
-75.0,-51.0,5.92000503528e+16
-75.0,-45.0,5.87607708696e+16
-75.0,-39.0,5.92732636e+16
-75.0,-33.0,5.50268952624e+16
-75.0,-27.0,4.79618169076e+16
-75.0,-21.0,4.40083015588e+16
-75.0,-15.0,3.1452229664e+16
-75.0,-9.0,2.3032706236e+16
-75.0,-3.0,2.266664e+16
-75.0,3.0,2.266664e+16
-75.0,9.0,2.266664e+16
-75.0,15.0,2.266664e+16
-75.0,21.0,2.266664e+16
-75.0,27.0,2.266664e+16
-75.0,33.0,2.266664e+16
-75.0,39.0,2.266664e+16
-75.0,45.0,2.266664e+16
-75.0,51.0,2.266664e+16
-75.0,57.0,2.266664e+16
-75.0,63.0,2.266664e+16
-75.0,69.0,2.4863037416e+16
-75.0,75.0,2.266664e+16
-75.0,81.0,2.266664e+16
-75.0,87.0,2.266664e+16
-75.0,93.0,2.266664e+16
-75.0,99.0,2.266664e+16
-75.0,105.0,2.266664e+16
-75.0,111.0,2.266664e+16
-75.0,117.0,2.266664e+16
-75.0,123.0,2.266664e+16
-75.0,129.0,2.266664e+16
-75.0,135.0,2.266664e+16
-75.0,141.0,2.266664e+16
-75.0,147.0,2.266664e+16
-75.0,153.0,2.266664e+16
-75.0,159.0,2.28130664944e+16
-75.0,165.0,4.30565293452e+16
-75.0,171.0,5.6893833066e+16
-75.0,177.0,5.92732636e+16
-69.0,-177.0,5.92732636e+16
-69.0,-171.0,5.92732636e+16
-69.0,-165.0,5.92732636e+16
-69.0,-159.0,5.92732636e+16
-69.0,-153.0,5.92732636e+16
-69.0,-147.0,5.92732636e+16
-69.0,-141.0,5.92732636e+16
-69.0,-135.0,5.92732636e+16
-69.0,-129.0,5.92732636e+16
-69.0,-123.0,5.92732636e+16
-69.0,-117.0,5.92732636e+16
-69.0,-111.0,5.92732636e+16
-69.0,-105.0,5.92732636e+16
-69.0,-99.0,5.8724164246e+16
-69.0,-93.0,5.923665697640001e+16
-69.0,-87.0,5.92732636e+16
-69.0,-81.0,5.92732636e+16
-69.0,-75.0,5.601527409959999e+16
-69.0,-69.0,4.34225955812e+16
-69.0,-63.0,4.18119041428e+16
-69.0,-57.0,5.92732636e+16
-69.0,-51.0,5.92732636e+16
-69.0,-45.0,5.92732636e+16
-69.0,-39.0,5.92732636e+16
-69.0,-33.0,5.92732636e+16
-69.0,-27.0,5.92732636e+16
-69.0,-21.0,5.92732636e+16
-69.0,-15.0,5.91634437292e+16
-69.0,-9.0,5.48072555208e+16
-69.0,-3.0,5.50268952624e+16
-69.0,3.0,5.23912183632e+16
-69.0,9.0,5.01216077e+16
-69.0,15.0,4.89501957448e+16
-69.0,21.0,5.103677329e+16
-69.0,27.0,5.15492660204e+16
-69.0,33.0,4.47770406544e+16
-69.0,39.0,4.33127757104e+16
-69.0,45.0,3.39048734452e+16
-69.0,51.0,2.62174824892e+16
-69.0,57.0,2.724246795e+16
-69.0,63.0,3.22941820068e+16
-69.0,69.0,4.5911845986e+16
-69.0,75.0,4.56555996208e+16
-69.0,81.0,3.44173661756e+16
-69.0,87.0,2.84870931524e+16
-69.0,93.0,2.6510335478e+16
-69.0,99.0,2.54487433936e+16
-69.0,105.0,2.4057691696800004e+16
-69.0,111.0,2.49728572868e+16
-69.0,117.0,2.90361925064e+16
-69.0,123.0,2.77183540568e+16
-69.0,129.0,2.6656761972399996e+16
-69.0,135.0,2.43871513092e+16
-69.0,141.0,2.7425501068e+16
-69.0,147.0,3.5295925142e+16
-69.0,153.0,3.913962062e+16
-69.0,159.0,4.50698936432e+16
-69.0,165.0,5.10001666664e+16
-69.0,171.0,5.7625965538e+16
-69.0,177.0,5.92732636e+16
-63.0,-177.0,5.92732636e+16
-63.0,-171.0,5.92732636e+16
-63.0,-165.0,5.92732636e+16
-63.0,-159.0,5.92732636e+16
-63.0,-153.0,5.92732636e+16
-63.0,-147.0,5.92732636e+16
-63.0,-141.0,5.92732636e+16
-63.0,-135.0,5.92732636e+16
-63.0,-129.0,5.92732636e+16
-63.0,-123.0,5.92732636e+16
-63.0,-117.0,5.92732636e+16
-63.0,-111.0,5.92732636e+16
-63.0,-105.0,5.92732636e+16
-63.0,-99.0,5.92732636e+16
-63.0,-93.0,5.92732636e+16
-63.0,-87.0,5.92732636e+16
-63.0,-81.0,5.92732636e+16
-63.0,-75.0,5.92732636e+16
-63.0,-69.0,5.92732636e+16
-63.0,-63.0,5.57224211108e+16
-63.0,-57.0,5.777239203240001e+16
-63.0,-51.0,5.92732636e+16
-63.0,-45.0,5.92732636e+16
-63.0,-39.0,5.92732636e+16
-63.0,-33.0,5.92732636e+16
-63.0,-27.0,5.92732636e+16
-63.0,-21.0,5.92732636e+16
-63.0,-15.0,5.92732636e+16
-63.0,-9.0,5.92732636e+16
-63.0,-3.0,5.92732636e+16
-63.0,3.0,5.92732636e+16
-63.0,9.0,5.92732636e+16
-63.0,15.0,5.92732636e+16
-63.0,21.0,5.92732636e+16
-63.0,27.0,5.92732636e+16
-63.0,33.0,5.92732636e+16
-63.0,39.0,5.92732636e+16
-63.0,45.0,5.92732636e+16
-63.0,51.0,5.91634437292e+16
-63.0,57.0,5.91634437292e+16
-63.0,63.0,5.92732636e+16
-63.0,69.0,5.92732636e+16
-63.0,75.0,5.92732636e+16
-63.0,81.0,5.92732636e+16
-63.0,87.0,5.92732636e+16
-63.0,93.0,5.92732636e+16
-63.0,99.0,5.89804106112e+16
-63.0,105.0,5.9090230482e+16
-63.0,111.0,5.89804106112e+16
-63.0,117.0,5.92732636e+16
-63.0,123.0,5.92732636e+16
-63.0,129.0,5.92732636e+16
-63.0,135.0,5.92732636e+16
-63.0,141.0,5.92732636e+16
-63.0,147.0,5.92732636e+16
-63.0,153.0,5.92732636e+16
-63.0,159.0,5.92732636e+16
-63.0,165.0,5.92732636e+16
-63.0,171.0,5.92732636e+16
-63.0,177.0,5.92732636e+16
-57.0,-177.0,5.92732636e+16
-57.0,-171.0,5.92732636e+16
-57.0,-165.0,5.92732636e+16
-57.0,-159.0,5.92732636e+16
-57.0,-153.0,5.92732636e+16
-57.0,-147.0,5.92732636e+16
-57.0,-141.0,5.92732636e+16
-57.0,-135.0,5.92732636e+16
-57.0,-129.0,5.92732636e+16
-57.0,-123.0,5.92732636e+16
-57.0,-117.0,5.92732636e+16
-57.0,-111.0,5.92732636e+16
-57.0,-105.0,5.92732636e+16
-57.0,-99.0,5.92732636e+16
-57.0,-93.0,5.92732636e+16
-57.0,-87.0,5.92732636e+16
-57.0,-81.0,5.92732636e+16
-57.0,-75.0,5.905362385840001e+16
-57.0,-69.0,5.374566343640001e+16
-57.0,-63.0,5.89804106112e+16
-57.0,-57.0,5.92732636e+16
-57.0,-51.0,5.92732636e+16
-57.0,-45.0,5.92732636e+16
-57.0,-39.0,5.87973774932e+16
-57.0,-33.0,5.923665697640001e+16
-57.0,-27.0,5.923665697640001e+16
-57.0,-21.0,5.92732636e+16
-57.0,-15.0,5.92732636e+16
-57.0,-9.0,5.92732636e+16
-57.0,-3.0,5.92732636e+16
-57.0,3.0,5.92732636e+16
-57.0,9.0,5.92732636e+16
-57.0,15.0,5.92732636e+16
-57.0,21.0,5.92732636e+16
-57.0,27.0,5.92732636e+16
-57.0,33.0,5.92732636e+16
-57.0,39.0,5.92732636e+16
-57.0,45.0,5.92732636e+16
-57.0,51.0,5.92732636e+16
-57.0,57.0,5.92732636e+16
-57.0,63.0,5.92732636e+16
-57.0,69.0,5.92732636e+16
-57.0,75.0,5.92732636e+16
-57.0,81.0,5.92732636e+16
-57.0,87.0,5.92732636e+16
-57.0,93.0,5.92732636e+16
-57.0,99.0,5.92732636e+16
-57.0,105.0,5.92732636e+16
-57.0,111.0,5.92732636e+16
-57.0,117.0,5.92732636e+16
-57.0,123.0,5.92732636e+16
-57.0,129.0,5.92732636e+16
-57.0,135.0,5.92732636e+16
-57.0,141.0,5.92732636e+16
-57.0,147.0,5.92732636e+16
-57.0,153.0,5.92732636e+16
-57.0,159.0,5.923665697640001e+16
-57.0,165.0,5.92732636e+16
-57.0,171.0,5.92732636e+16
-57.0,177.0,5.92732636e+16
-51.0,-177.0,5.92732636e+16
-51.0,-171.0,5.92732636e+16
-51.0,-165.0,5.92732636e+16
-51.0,-159.0,5.92732636e+16
-51.0,-153.0,5.92732636e+16
-51.0,-147.0,5.92732636e+16
-51.0,-141.0,5.92732636e+16
-51.0,-135.0,5.92732636e+16
-51.0,-129.0,5.92732636e+16
-51.0,-123.0,5.92732636e+16
-51.0,-117.0,5.92732636e+16
-51.0,-111.0,5.92732636e+16
-51.0,-105.0,5.92732636e+16
-51.0,-99.0,5.92732636e+16
-51.0,-93.0,5.92732636e+16
-51.0,-87.0,5.92732636e+16
-51.0,-81.0,5.92732636e+16
-51.0,-75.0,4.54725665028e+16
-51.0,-69.0,3.76021424288e+16
-51.0,-63.0,5.887059074040001e+16
-51.0,-57.0,5.81018516448e+16
-51.0,-51.0,5.92732636e+16
-51.0,-45.0,5.92732636e+16
-51.0,-39.0,5.92732636e+16
-51.0,-33.0,5.92732636e+16
-51.0,-27.0,5.92732636e+16
-51.0,-21.0,5.92732636e+16
-51.0,-15.0,5.92732636e+16
-51.0,-9.0,5.92732636e+16
-51.0,-3.0,5.92732636e+16
-51.0,3.0,5.92732636e+16
-51.0,9.0,5.92732636e+16
-51.0,15.0,5.92732636e+16
-51.0,21.0,5.92732636e+16
-51.0,27.0,5.92732636e+16
-51.0,33.0,5.92732636e+16
-51.0,39.0,5.92732636e+16
-51.0,45.0,5.92732636e+16
-51.0,51.0,5.92732636e+16
-51.0,57.0,5.92732636e+16
-51.0,63.0,5.92732636e+16
-51.0,69.0,5.835809801e+16
-51.0,75.0,5.92000503528e+16
-51.0,81.0,5.92732636e+16
-51.0,87.0,5.92732636e+16
-51.0,93.0,5.92732636e+16
-51.0,99.0,5.92732636e+16
-51.0,105.0,5.92732636e+16
-51.0,111.0,5.92732636e+16
-51.0,117.0,5.92732636e+16
-51.0,123.0,5.92732636e+16
-51.0,129.0,5.92732636e+16
-51.0,135.0,5.92732636e+16
-51.0,141.0,5.92732636e+16
-51.0,147.0,5.92732636e+16
-51.0,153.0,5.92732636e+16
-51.0,159.0,5.92732636e+16
-51.0,165.0,5.92000503528e+16
-51.0,171.0,5.92732636e+16
-51.0,177.0,5.92732636e+16
-45.0,-177.0,5.91634437292e+16
-45.0,-171.0,5.92732636e+16
-45.0,-165.0,5.92732636e+16
-45.0,-159.0,5.92732636e+16
-45.0,-153.0,5.92732636e+16
-45.0,-147.0,5.92732636e+16
-45.0,-141.0,5.92732636e+16
-45.0,-135.0,5.92732636e+16
-45.0,-129.0,5.92732636e+16
-45.0,-123.0,5.92732636e+16
-45.0,-117.0,5.92732636e+16
-45.0,-111.0,5.92732636e+16
-45.0,-105.0,5.92732636e+16
-45.0,-99.0,5.92732636e+16
-45.0,-93.0,5.92732636e+16
-45.0,-87.0,5.92732636e+16
-45.0,-81.0,5.92732636e+16
-45.0,-75.0,4.74493241772e+16
-45.0,-69.0,2.55219566408e+16
-45.0,-63.0,5.5795634358e+16
-45.0,-57.0,5.92732636e+16
-45.0,-51.0,5.92732636e+16
-45.0,-45.0,5.92732636e+16
-45.0,-39.0,5.92732636e+16
-45.0,-33.0,5.92732636e+16
-45.0,-27.0,5.92732636e+16
-45.0,-21.0,5.92732636e+16
-45.0,-15.0,5.92732636e+16
-45.0,-9.0,5.92732636e+16
-45.0,-3.0,5.92732636e+16
-45.0,3.0,5.92732636e+16
-45.0,9.0,5.92732636e+16
-45.0,15.0,5.92732636e+16
-45.0,21.0,5.92732636e+16
-45.0,27.0,5.92732636e+16
-45.0,33.0,5.92732636e+16
-45.0,39.0,5.923665697640001e+16
-45.0,45.0,5.92732636e+16
-45.0,51.0,5.923665697640001e+16
-45.0,57.0,5.92732636e+16
-45.0,63.0,5.92732636e+16
-45.0,69.0,5.92732636e+16
-45.0,75.0,5.92732636e+16
-45.0,81.0,5.92732636e+16
-45.0,87.0,5.92732636e+16
-45.0,93.0,5.92732636e+16
-45.0,99.0,5.92732636e+16
-45.0,105.0,5.92732636e+16
-45.0,111.0,5.92732636e+16
-45.0,117.0,5.92732636e+16
-45.0,123.0,5.92732636e+16
-45.0,129.0,5.92732636e+16
-45.0,135.0,5.92732636e+16
-45.0,141.0,5.92732636e+16
-45.0,147.0,5.583224098159999e+16
-45.0,153.0,5.92732636e+16
-45.0,159.0,5.92732636e+16
-45.0,165.0,5.73331125492e+16
-45.0,171.0,4.649755196359999e+16
-45.0,177.0,5.92732636e+16
-39.0,-177.0,5.92732636e+16
-39.0,-171.0,5.92732636e+16
-39.0,-165.0,5.92732636e+16
-39.0,-159.0,5.92732636e+16
-39.0,-153.0,5.92732636e+16
-39.0,-147.0,5.92732636e+16
-39.0,-141.0,5.92732636e+16
-39.0,-135.0,5.92732636e+16
-39.0,-129.0,5.92732636e+16
-39.0,-123.0,5.92732636e+16
-39.0,-117.0,5.92732636e+16
-39.0,-111.0,5.92732636e+16
-39.0,-105.0,5.92732636e+16
-39.0,-99.0,5.92732636e+16
-39.0,-93.0,5.92732636e+16
-39.0,-87.0,5.92732636e+16
-39.0,-81.0,5.92732636e+16
-39.0,-75.0,5.0853740172e+16
-39.0,-69.0,2.27764598708e+16
-39.0,-63.0,3.2404001877600004e+16
-39.0,-57.0,5.17322991384e+16
-39.0,-51.0,5.92732636e+16
-39.0,-45.0,5.92732636e+16
-39.0,-39.0,5.92732636e+16
-39.0,-33.0,5.92732636e+16
-39.0,-27.0,5.92732636e+16
-39.0,-21.0,5.92732636e+16
-39.0,-15.0,5.92732636e+16
-39.0,-9.0,5.92732636e+16
-39.0,-3.0,5.92732636e+16
-39.0,3.0,5.92732636e+16
-39.0,9.0,5.92732636e+16
-39.0,15.0,5.92732636e+16
-39.0,21.0,5.92732636e+16
-39.0,27.0,5.92732636e+16
-39.0,33.0,5.92732636e+16
-39.0,39.0,5.92732636e+16
-39.0,45.0,5.92732636e+16
-39.0,51.0,5.92732636e+16
-39.0,57.0,5.92732636e+16
-39.0,63.0,5.92732636e+16
-39.0,69.0,5.92732636e+16
-39.0,75.0,5.92732636e+16
-39.0,81.0,5.92732636e+16
-39.0,87.0,5.92732636e+16
-39.0,93.0,5.92732636e+16
-39.0,99.0,5.92732636e+16
-39.0,105.0,5.92732636e+16
-39.0,111.0,5.92732636e+16
-39.0,117.0,5.92732636e+16
-39.0,123.0,5.92732636e+16
-39.0,129.0,5.92732636e+16
-39.0,135.0,5.923665697640001e+16
-39.0,141.0,4.94260818516e+16
-39.0,147.0,4.19217240136e+16
-39.0,153.0,5.92000503528e+16
-39.0,159.0,5.92732636e+16
-39.0,165.0,5.92732636e+16
-39.0,171.0,5.6893833066e+16
-39.0,177.0,4.836448976720001e+16
-33.0,-177.0,5.92732636e+16
-33.0,-171.0,5.92732636e+16
-33.0,-165.0,5.92732636e+16
-33.0,-159.0,5.92732636e+16
-33.0,-153.0,5.92732636e+16
-33.0,-147.0,5.92732636e+16
-33.0,-141.0,5.92732636e+16
-33.0,-135.0,5.92732636e+16
-33.0,-129.0,5.92732636e+16
-33.0,-123.0,5.92732636e+16
-33.0,-117.0,5.92732636e+16
-33.0,-111.0,5.92732636e+16
-33.0,-105.0,5.92732636e+16
-33.0,-99.0,5.92732636e+16
-33.0,-93.0,5.92732636e+16
-33.0,-87.0,5.92732636e+16
-33.0,-81.0,5.92732636e+16
-33.0,-75.0,5.8724164246e+16
-33.0,-69.0,2.4350544685600004e+16
-33.0,-63.0,2.29960996124e+16
-33.0,-57.0,2.76817474332e+16
-33.0,-51.0,5.132962627879999e+16
-33.0,-45.0,5.92732636e+16
-33.0,-39.0,5.92732636e+16
-33.0,-33.0,5.92732636e+16
-33.0,-27.0,5.92732636e+16
-33.0,-21.0,5.92732636e+16
-33.0,-15.0,5.92732636e+16
-33.0,-9.0,5.92732636e+16
-33.0,-3.0,5.92732636e+16
-33.0,3.0,5.92732636e+16
-33.0,9.0,5.92732636e+16
-33.0,15.0,5.8541131128e+16
-33.0,21.0,3.36852337036e+16
-33.0,27.0,3.96155067268e+16
-33.0,33.0,5.85777377516e+16
-33.0,39.0,5.92732636e+16
-33.0,45.0,5.92732636e+16
-33.0,51.0,5.92732636e+16
-33.0,57.0,5.92732636e+16
-33.0,63.0,5.92732636e+16
-33.0,69.0,5.92732636e+16
-33.0,75.0,5.92732636e+16
-33.0,81.0,5.92732636e+16
-33.0,87.0,5.92732636e+16
-33.0,93.0,5.92732636e+16
-33.0,99.0,5.92732636e+16
-33.0,105.0,5.92732636e+16
-33.0,111.0,5.92732636e+16
-33.0,117.0,3.71628629456e+16
-33.0,123.0,3.77851755468e+16
-33.0,129.0,4.77787837896e+16
-33.0,135.0,3.8590521266e+16
-33.0,141.0,2.37282320844e+16
-33.0,147.0,2.2703246623600004e+16
-33.0,153.0,4.79984235312e+16
-33.0,159.0,5.92732636e+16
-33.0,165.0,5.92732636e+16
-33.0,171.0,5.8541131128e+16
-33.0,177.0,5.8907197364e+16
-27.0,-177.0,5.92732636e+16
-27.0,-171.0,5.92732636e+16
-27.0,-165.0,5.92732636e+16
-27.0,-159.0,5.92732636e+16
-27.0,-153.0,5.92732636e+16
-27.0,-147.0,5.92732636e+16
-27.0,-141.0,5.92732636e+16
-27.0,-135.0,5.92732636e+16
-27.0,-129.0,5.92732636e+16
-27.0,-123.0,5.92732636e+16
-27.0,-117.0,5.92732636e+16
-27.0,-111.0,5.92732636e+16
-27.0,-105.0,5.92732636e+16
-27.0,-99.0,5.92732636e+16
-27.0,-93.0,5.92732636e+16
-27.0,-87.0,5.92732636e+16
-27.0,-81.0,5.92732636e+16
-27.0,-75.0,5.92732636e+16
-27.0,-69.0,2.9438865366e+16
-27.0,-63.0,2.266664e+16
-27.0,-57.0,2.31059194832e+16
-27.0,-51.0,2.69130083376e+16
-27.0,-45.0,5.83947046336e+16
-27.0,-39.0,5.92732636e+16
-27.0,-33.0,5.92732636e+16
-27.0,-27.0,5.92732636e+16
-27.0,-21.0,5.92732636e+16
-27.0,-15.0,5.92732636e+16
-27.0,-9.0,5.92732636e+16
-27.0,-3.0,5.92732636e+16
-27.0,3.0,5.92732636e+16
-27.0,9.0,5.92732636e+16
-27.0,15.0,4.43011545476e+16
-27.0,21.0,2.266664e+16
-27.0,27.0,2.28130664944e+16
-27.0,33.0,4.16288710248e+16
-27.0,39.0,5.92732636e+16
-27.0,45.0,5.47706488972e+16
-27.0,51.0,5.92732636e+16
-27.0,57.0,5.92732636e+16
-27.0,63.0,5.92732636e+16
-27.0,69.0,5.92732636e+16
-27.0,75.0,5.92732636e+16
-27.0,81.0,5.92732636e+16
-27.0,87.0,5.92732636e+16
-27.0,93.0,5.92732636e+16
-27.0,99.0,5.92732636e+16
-27.0,105.0,5.92732636e+16
-27.0,111.0,5.82116715156e+16
-27.0,117.0,2.4350544685600004e+16
-27.0,123.0,2.266664e+16
-27.0,129.0,2.266664e+16
-27.0,135.0,2.266664e+16
-27.0,141.0,2.266664e+16
-27.0,147.0,2.266664e+16
-27.0,153.0,4.04940656932e+16
-27.0,159.0,5.92732636e+16
-27.0,165.0,5.92732636e+16
-27.0,171.0,5.92732636e+16
-27.0,177.0,5.92732636e+16
-21.0,-177.0,5.92000503528e+16
-21.0,-171.0,5.923665697640001e+16
-21.0,-165.0,5.92732636e+16
-21.0,-159.0,5.92732636e+16
-21.0,-153.0,5.92732636e+16
-21.0,-147.0,5.92732636e+16
-21.0,-141.0,5.92732636e+16
-21.0,-135.0,5.92732636e+16
-21.0,-129.0,5.92732636e+16
-21.0,-123.0,5.92732636e+16
-21.0,-117.0,5.92732636e+16
-21.0,-111.0,5.92732636e+16
-21.0,-105.0,5.92732636e+16
-21.0,-99.0,5.92732636e+16
-21.0,-93.0,5.92732636e+16
-21.0,-87.0,5.92732636e+16
-21.0,-81.0,5.92732636e+16
-21.0,-75.0,5.92732636e+16
-21.0,-69.0,3.33557740912e+16
-21.0,-63.0,2.266664e+16
-21.0,-57.0,2.266664e+16
-21.0,-51.0,2.27398532472e+16
-21.0,-45.0,2.62174824892e+16
-21.0,-39.0,5.17322991384e+16
-21.0,-33.0,5.92732636e+16
-21.0,-27.0,5.92732636e+16
-21.0,-21.0,5.92732636e+16
-21.0,-15.0,5.92732636e+16
-21.0,-9.0,5.92732636e+16
-21.0,-3.0,5.92732636e+16
-21.0,3.0,5.92732636e+16
-21.0,9.0,5.923665697640001e+16
-21.0,15.0,3.18182959e+16
-21.0,21.0,2.266664e+16
-21.0,27.0,2.266664e+16
-21.0,33.0,2.64005156072e+16
-21.0,39.0,5.868755762240001e+16
-21.0,45.0,3.45271860464e+16
-21.0,51.0,5.60518807232e+16
-21.0,57.0,5.887059074040001e+16
-21.0,63.0,5.92732636e+16
-21.0,69.0,5.92732636e+16
-21.0,75.0,5.92732636e+16
-21.0,81.0,5.92732636e+16
-21.0,87.0,5.92732636e+16
-21.0,93.0,5.92732636e+16
-21.0,99.0,5.92732636e+16
-21.0,105.0,5.92732636e+16
-21.0,111.0,5.87607708696e+16
-21.0,117.0,4.0237819328e+16
-21.0,123.0,2.57049897588e+16
-21.0,129.0,2.266664e+16
-21.0,135.0,2.266664e+16
-21.0,141.0,2.266664e+16
-21.0,147.0,3.13058031696e+16
-21.0,153.0,5.77357854088e+16
-21.0,159.0,5.92732636e+16
-21.0,165.0,5.7625965538e+16
-21.0,171.0,5.9090230482e+16
-21.0,177.0,5.89438039876e+16
-15.0,-177.0,5.92000503528e+16
-15.0,-171.0,5.90170172348e+16
-15.0,-165.0,5.92732636e+16
-15.0,-159.0,5.92732636e+16
-15.0,-153.0,5.923665697640001e+16
-15.0,-147.0,5.91634437292e+16
-15.0,-141.0,5.92732636e+16
-15.0,-135.0,5.92732636e+16
-15.0,-129.0,5.92732636e+16
-15.0,-123.0,5.92732636e+16
-15.0,-117.0,5.92732636e+16
-15.0,-111.0,5.92732636e+16
-15.0,-105.0,5.92732636e+16
-15.0,-99.0,5.92732636e+16
-15.0,-93.0,5.92732636e+16
-15.0,-87.0,5.92732636e+16
-15.0,-81.0,5.92732636e+16
-15.0,-75.0,4.21047571316e+16
-15.0,-69.0,2.40210850732e+16
-15.0,-63.0,2.27398532472e+16
-15.0,-57.0,2.266664e+16
-15.0,-51.0,2.266664e+16
-15.0,-45.0,2.266664e+16
-15.0,-39.0,4.005478621e+16
-15.0,-33.0,5.92732636e+16
-15.0,-27.0,5.92732636e+16
-15.0,-21.0,5.92732636e+16
-15.0,-15.0,5.92732636e+16
-15.0,-9.0,5.92732636e+16
-15.0,-3.0,5.92732636e+16
-15.0,3.0,5.92732636e+16
-15.0,9.0,5.87973774932e+16
-15.0,15.0,2.51192837812e+16
-15.0,21.0,2.266664e+16
-15.0,27.0,2.3069312859600004e+16
-15.0,33.0,2.42041181912e+16
-15.0,39.0,3.50396787768e+16
-15.0,45.0,4.990196795840001e+16
-15.0,51.0,4.92430487336e+16
-15.0,57.0,5.92732636e+16
-15.0,63.0,5.92732636e+16
-15.0,69.0,5.92732636e+16
-15.0,75.0,5.92732636e+16
-15.0,81.0,5.92732636e+16
-15.0,87.0,5.92732636e+16
-15.0,93.0,5.92732636e+16
-15.0,99.0,5.92732636e+16
-15.0,105.0,5.92732636e+16
-15.0,111.0,5.92732636e+16
-15.0,117.0,5.92732636e+16
-15.0,123.0,5.15492660204e+16
-15.0,129.0,3.3575413832800004e+16
-15.0,135.0,3.0537064074e+16
-15.0,141.0,4.26538564856e+16
-15.0,147.0,5.3599236942e+16
-15.0,153.0,5.92732636e+16
-15.0,159.0,5.92732636e+16
-15.0,165.0,5.86143443752e+16
-15.0,171.0,5.90170172348e+16
-15.0,177.0,5.806524502120001e+16
-9.0,-177.0,5.92732636e+16
-9.0,-171.0,5.92732636e+16
-9.0,-165.0,5.92732636e+16
-9.0,-159.0,5.92732636e+16
-9.0,-153.0,5.92732636e+16
-9.0,-147.0,5.92732636e+16
-9.0,-141.0,5.92000503528e+16
-9.0,-135.0,5.92732636e+16
-9.0,-129.0,5.92732636e+16
-9.0,-123.0,5.92732636e+16
-9.0,-117.0,5.92732636e+16
-9.0,-111.0,5.92732636e+16
-9.0,-105.0,5.92732636e+16
-9.0,-99.0,5.92732636e+16
-9.0,-93.0,5.92732636e+16
-9.0,-87.0,5.92732636e+16
-9.0,-81.0,5.392869655440001e+16
-9.0,-75.0,2.3435379095600004e+16
-9.0,-69.0,2.266664e+16
-9.0,-63.0,2.266664e+16
-9.0,-57.0,2.266664e+16
-9.0,-51.0,2.266664e+16
-9.0,-45.0,2.266664e+16
-9.0,-39.0,2.45701844272e+16
-9.0,-33.0,5.55759946164e+16
-9.0,-27.0,5.92732636e+16
-9.0,-21.0,5.92732636e+16
-9.0,-15.0,5.92732636e+16
-9.0,-9.0,5.92732636e+16
-9.0,-3.0,5.92732636e+16
-9.0,3.0,5.92732636e+16
-9.0,9.0,5.92732636e+16
-9.0,15.0,3.02808177088e+16
-9.0,21.0,2.266664e+16
-9.0,27.0,2.3984478449600004e+16
-9.0,33.0,2.51558904048e+16
-9.0,39.0,3.63575172264e+16
-9.0,45.0,5.91634437292e+16
-9.0,51.0,5.92732636e+16
-9.0,57.0,5.92732636e+16
-9.0,63.0,5.92732636e+16
-9.0,69.0,5.92732636e+16
-9.0,75.0,5.92732636e+16
-9.0,81.0,5.92732636e+16
-9.0,87.0,5.92732636e+16
-9.0,93.0,5.92732636e+16
-9.0,99.0,5.92732636e+16
-9.0,105.0,5.6344733712e+16
-9.0,111.0,5.169569251479999e+16
-9.0,117.0,5.608848734679999e+16
-9.0,123.0,5.510010850959999e+16
-9.0,129.0,5.74063257964e+16
-9.0,135.0,5.795542515040001e+16
-9.0,141.0,4.30199227216e+16
-9.0,147.0,4.7559144048e+16
-9.0,153.0,5.769917878520001e+16
-9.0,159.0,5.7076866184e+16
-9.0,165.0,5.91268371056e+16
-9.0,171.0,5.92732636e+16
-9.0,177.0,5.92732636e+16
-3.0,-177.0,5.92732636e+16
-3.0,-171.0,5.92732636e+16
-3.0,-165.0,5.92732636e+16
-3.0,-159.0,5.92732636e+16
-3.0,-153.0,5.92732636e+16
-3.0,-147.0,5.92732636e+16
-3.0,-141.0,5.92732636e+16
-3.0,-135.0,5.92732636e+16
-3.0,-129.0,5.92732636e+16
-3.0,-123.0,5.92732636e+16
-3.0,-117.0,5.92732636e+16
-3.0,-111.0,5.92732636e+16
-3.0,-105.0,5.92732636e+16
-3.0,-99.0,5.92732636e+16
-3.0,-93.0,5.8724164246e+16
-3.0,-87.0,5.923665697640001e+16
-3.0,-81.0,4.280028298e+16
-3.0,-75.0,2.2703246623600004e+16
-3.0,-69.0,2.3069312859600004e+16
-3.0,-63.0,2.37282320844e+16
-3.0,-57.0,2.3398772472e+16
-3.0,-51.0,2.49362506632e+16
-3.0,-45.0,3.320934759680001e+16
-3.0,-39.0,4.53993532556e+16
-3.0,-33.0,5.86143443752e+16
-3.0,-27.0,5.92732636e+16
-3.0,-21.0,5.92732636e+16
-3.0,-15.0,5.92732636e+16
-3.0,-9.0,5.92732636e+16
-3.0,-3.0,5.92732636e+16
-3.0,3.0,5.92732636e+16
-3.0,9.0,4.96457215932e+16
-3.0,15.0,2.3215739354e+16
-3.0,21.0,2.2886279741600004e+16
-3.0,27.0,2.42773314384e+16
-3.0,33.0,2.80844202928e+16
-3.0,39.0,3.21111488888e+16
-3.0,45.0,5.87973774932e+16
-3.0,51.0,5.92732636e+16
-3.0,57.0,5.923665697640001e+16
-3.0,63.0,5.92732636e+16
-3.0,69.0,5.92732636e+16
-3.0,75.0,5.92732636e+16
-3.0,81.0,5.92732636e+16
-3.0,87.0,5.92732636e+16
-3.0,93.0,5.92732636e+16
-3.0,99.0,5.42215495432e+16
-3.0,105.0,4.21413637552e+16
-3.0,111.0,4.55091731264e+16
-3.0,117.0,4.5179713514e+16
-3.0,123.0,5.04510673124e+16
-3.0,129.0,5.491707539159999e+16
-3.0,135.0,4.44109744184e+16
-3.0,141.0,3.90298007492e+16
-3.0,147.0,5.44411892848e+16
-3.0,153.0,5.64179469592e+16
-3.0,159.0,5.92732636e+16
-3.0,165.0,5.92732636e+16
-3.0,171.0,5.92732636e+16
-3.0,177.0,5.92732636e+16
3.0,-177.0,5.92732636e+16
3.0,-171.0,5.92732636e+16
3.0,-165.0,5.92732636e+16
3.0,-159.0,5.923665697640001e+16
3.0,-153.0,5.92732636e+16
3.0,-147.0,5.92732636e+16
3.0,-141.0,5.92732636e+16
3.0,-135.0,5.92732636e+16
3.0,-129.0,5.92732636e+16
3.0,-123.0,5.92732636e+16
3.0,-117.0,5.92732636e+16
3.0,-111.0,5.92732636e+16
3.0,-105.0,5.92732636e+16
3.0,-99.0,5.92732636e+16
3.0,-93.0,5.923665697640001e+16
3.0,-87.0,5.92732636e+16
3.0,-81.0,5.601527409959999e+16
3.0,-75.0,2.47532175452e+16
3.0,-69.0,2.266664e+16
3.0,-63.0,2.266664e+16
3.0,-57.0,2.3032706236e+16
3.0,-51.0,4.21047571316e+16
3.0,-45.0,5.92732636e+16
3.0,-39.0,5.92732636e+16
3.0,-33.0,5.92732636e+16
3.0,-27.0,5.92732636e+16
3.0,-21.0,5.92732636e+16
3.0,-15.0,5.92732636e+16
3.0,-9.0,5.44411892848e+16
3.0,-3.0,5.38920899308e+16
3.0,3.0,5.7992031774e+16
3.0,9.0,3.88101610076e+16
3.0,15.0,2.2703246623600004e+16
3.0,21.0,2.31059194832e+16
3.0,27.0,2.2703246623600004e+16
3.0,33.0,2.3764838708e+16
3.0,39.0,2.3215739354e+16
3.0,45.0,3.38682668216e+16
3.0,51.0,5.8541131128e+16
3.0,57.0,5.92732636e+16
3.0,63.0,5.92732636e+16
3.0,69.0,5.92732636e+16
3.0,75.0,5.92732636e+16
3.0,81.0,5.923665697640001e+16
3.0,87.0,5.92732636e+16
3.0,93.0,5.850452450440001e+16
3.0,99.0,4.10797716708e+16
3.0,105.0,5.09269534192e+16
3.0,111.0,4.62413055984e+16
3.0,117.0,3.61744841084e+16
3.0,123.0,5.583224098159999e+16
3.0,129.0,5.7625965538e+16
3.0,135.0,5.92732636e+16
3.0,141.0,5.92732636e+16
3.0,147.0,5.92732636e+16
3.0,153.0,5.92732636e+16
3.0,159.0,5.92732636e+16
3.0,165.0,5.92732636e+16
3.0,171.0,5.923665697640001e+16
3.0,177.0,5.92732636e+16
9.0,-177.0,5.92732636e+16
9.0,-171.0,5.92732636e+16
9.0,-165.0,5.92732636e+16
9.0,-159.0,5.92732636e+16
9.0,-153.0,5.92732636e+16
9.0,-147.0,5.92732636e+16
9.0,-141.0,5.92732636e+16
9.0,-135.0,5.92732636e+16
9.0,-129.0,5.92732636e+16
9.0,-123.0,5.92732636e+16
9.0,-117.0,5.92732636e+16
9.0,-111.0,5.92732636e+16
9.0,-105.0,5.92732636e+16
9.0,-99.0,5.92732636e+16
9.0,-93.0,5.92732636e+16
9.0,-87.0,5.53929614984e+16
9.0,-81.0,5.16590858912e+16
9.0,-75.0,3.3831660198e+16
9.0,-69.0,2.95486852368e+16
9.0,-63.0,3.4820039035199996e+16
9.0,-57.0,5.53929614984e+16
9.0,-51.0,5.92732636e+16
9.0,-45.0,5.92732636e+16
9.0,-39.0,5.92732636e+16
9.0,-33.0,5.92732636e+16
9.0,-27.0,5.92732636e+16
9.0,-21.0,5.92732636e+16
9.0,-15.0,4.9755541464e+16
9.0,-9.0,2.3801445331600004e+16
9.0,-3.0,2.31791327304e+16
9.0,3.0,2.4423757932800004e+16
9.0,9.0,2.27764598708e+16
9.0,15.0,2.2703246623600004e+16
9.0,21.0,2.266664e+16
9.0,27.0,2.266664e+16
9.0,33.0,2.2703246623600004e+16
9.0,39.0,2.3032706236e+16
9.0,45.0,2.8633519646800004e+16
9.0,51.0,4.65707652108e+16
9.0,57.0,5.92732636e+16
9.0,63.0,5.92732636e+16
9.0,69.0,5.92732636e+16
9.0,75.0,5.22447918688e+16
9.0,81.0,4.916983548640001e+16
9.0,87.0,5.92732636e+16
9.0,93.0,5.89438039876e+16
9.0,99.0,5.169569251479999e+16
9.0,105.0,4.935286860440001e+16
9.0,111.0,5.82116715156e+16
9.0,117.0,5.71134728076e+16
9.0,123.0,4.81814566492e+16
9.0,129.0,5.82116715156e+16
9.0,135.0,5.923665697640001e+16
9.0,141.0,5.92732636e+16
9.0,147.0,5.92732636e+16
9.0,153.0,5.92732636e+16
9.0,159.0,5.923665697640001e+16
9.0,165.0,5.92732636e+16
9.0,171.0,5.92732636e+16
9.0,177.0,5.92732636e+16
15.0,-177.0,5.92732636e+16
15.0,-171.0,5.92732636e+16
15.0,-165.0,5.92732636e+16
15.0,-159.0,5.92732636e+16
15.0,-153.0,5.92732636e+16
15.0,-147.0,5.92732636e+16
15.0,-141.0,5.92732636e+16
15.0,-135.0,5.92732636e+16
15.0,-129.0,5.92732636e+16
15.0,-123.0,5.92732636e+16
15.0,-117.0,5.92732636e+16
15.0,-111.0,5.92732636e+16
15.0,-105.0,5.923665697640001e+16
15.0,-99.0,5.0487673936e+16
15.0,-93.0,4.16288710248e+16
15.0,-87.0,3.62843039792e+16
15.0,-81.0,5.744293242e+16
15.0,-75.0,5.90170172348e+16
15.0,-69.0,5.86509509988e+16
15.0,-63.0,5.87607708696e+16
15.0,-57.0,5.923665697640001e+16
15.0,-51.0,5.92732636e+16
15.0,-45.0,5.92732636e+16
15.0,-39.0,5.92732636e+16
15.0,-33.0,5.92732636e+16
15.0,-27.0,5.9090230482e+16
15.0,-21.0,5.9090230482e+16
15.0,-15.0,3.1415623040399996e+16
15.0,-9.0,2.2703246623600004e+16
15.0,-3.0,2.29594929888e+16
15.0,3.0,2.2703246623600004e+16
15.0,9.0,2.266664e+16
15.0,15.0,2.36916254608e+16
15.0,21.0,2.266664e+16
15.0,27.0,2.266664e+16
15.0,33.0,2.266664e+16
15.0,39.0,3.19647223944e+16
15.0,45.0,3.21477555124e+16
15.0,51.0,4.280028298e+16
15.0,57.0,5.769917878520001e+16
15.0,63.0,5.92732636e+16
15.0,69.0,5.92732636e+16
15.0,75.0,3.5295925142e+16
15.0,81.0,4.1152984918e+16
15.0,87.0,5.92732636e+16
15.0,93.0,5.55759946164e+16
15.0,99.0,3.45271860464e+16
15.0,105.0,2.49362506632e+16
15.0,111.0,5.47706488972e+16
15.0,117.0,5.91268371056e+16
15.0,123.0,4.90600156156e+16
15.0,129.0,5.92732636e+16
15.0,135.0,5.92732636e+16
15.0,141.0,5.92732636e+16
15.0,147.0,5.92000503528e+16
15.0,153.0,5.92732636e+16
15.0,159.0,5.92732636e+16
15.0,165.0,5.92732636e+16
15.0,171.0,5.92732636e+16
15.0,177.0,5.92732636e+16
21.0,-177.0,5.92732636e+16
21.0,-171.0,5.92732636e+16
21.0,-165.0,5.92732636e+16
21.0,-159.0,5.868755762240001e+16
21.0,-153.0,5.835809801e+16
21.0,-147.0,5.92732636e+16
21.0,-141.0,5.92732636e+16
21.0,-135.0,5.92732636e+16
21.0,-129.0,5.92732636e+16
21.0,-123.0,5.92732636e+16
21.0,-117.0,5.92732636e+16
21.0,-111.0,5.83947046336e+16
21.0,-105.0,3.92494404908e+16
21.0,-99.0,2.9255832248e+16
21.0,-93.0,5.43679760376e+16
21.0,-87.0,5.00117878292e+16
21.0,-81.0,5.374566343640001e+16
21.0,-75.0,5.21715786216e+16
21.0,-69.0,5.41849429196e+16
21.0,-63.0,5.9090230482e+16
21.0,-57.0,5.92732636e+16
21.0,-51.0,5.92732636e+16
21.0,-45.0,5.92732636e+16
21.0,-39.0,5.92732636e+16
21.0,-33.0,5.92732636e+16
21.0,-27.0,5.92732636e+16
21.0,-21.0,5.92732636e+16
21.0,-15.0,3.2550428372e+16
21.0,-9.0,2.266664e+16
21.0,-3.0,2.266664e+16
21.0,3.0,2.266664e+16
21.0,9.0,2.266664e+16
21.0,15.0,2.266664e+16
21.0,21.0,2.266664e+16
21.0,27.0,2.266664e+16
21.0,33.0,2.34719857192e+16
21.0,39.0,3.98351464684e+16
21.0,45.0,2.266664e+16
21.0,51.0,2.2703246623600004e+16
21.0,57.0,3.258703499560001e+16
21.0,63.0,5.92732636e+16
21.0,69.0,5.0487673936e+16
21.0,75.0,2.58148096296e+16
21.0,81.0,2.27764598708e+16
21.0,87.0,3.86637345132e+16
21.0,93.0,3.59914509904e+16
21.0,99.0,2.266664e+16
21.0,105.0,2.8523699776e+16
21.0,111.0,4.15556577776e+16
21.0,117.0,5.53929614984e+16
21.0,123.0,5.64179469592e+16
21.0,129.0,5.92732636e+16
21.0,135.0,5.92732636e+16
21.0,141.0,5.92732636e+16
21.0,147.0,5.92732636e+16
21.0,153.0,5.92732636e+16
21.0,159.0,5.92732636e+16
21.0,165.0,5.92732636e+16
21.0,171.0,5.92732636e+16
21.0,177.0,5.92732636e+16
27.0,-177.0,5.92732636e+16
27.0,-171.0,5.92732636e+16
27.0,-165.0,5.92732636e+16
27.0,-159.0,5.92732636e+16
27.0,-153.0,5.92732636e+16
27.0,-147.0,5.92732636e+16
27.0,-141.0,5.92732636e+16
27.0,-135.0,5.92732636e+16
27.0,-129.0,5.92732636e+16
27.0,-123.0,5.92732636e+16
27.0,-117.0,5.74063257964e+16
27.0,-111.0,3.9505686856e+16
27.0,-105.0,2.3032706236e+16
27.0,-99.0,2.91460123772e+16
27.0,-93.0,5.5795634358e+16
27.0,-87.0,5.86143443752e+16
27.0,-81.0,4.97921480876e+16
27.0,-75.0,5.87973774932e+16
27.0,-69.0,5.92732636e+16
27.0,-63.0,5.92732636e+16
27.0,-57.0,5.92732636e+16
27.0,-51.0,5.92732636e+16
27.0,-45.0,5.92732636e+16
27.0,-39.0,5.92732636e+16
27.0,-33.0,5.92732636e+16
27.0,-27.0,5.92732636e+16
27.0,-21.0,5.92732636e+16
27.0,-15.0,4.94260818516e+16
27.0,-9.0,2.53023168992e+16
27.0,-3.0,2.266664e+16
27.0,3.0,2.266664e+16
27.0,9.0,2.266664e+16
27.0,15.0,2.266664e+16
27.0,21.0,2.266664e+16
27.0,27.0,2.266664e+16
27.0,33.0,2.9621898484e+16
27.0,39.0,2.54487433936e+16
27.0,45.0,2.2703246623600004e+16
27.0,51.0,4.02012127044e+16
27.0,57.0,3.3099527726e+16
27.0,63.0,3.0354030956e+16
27.0,69.0,2.4350544685600004e+16
27.0,75.0,2.2703246623600004e+16
27.0,81.0,2.2703246623600004e+16
27.0,87.0,2.29228863652e+16
27.0,93.0,2.27764598708e+16
27.0,99.0,2.2703246623600004e+16
27.0,105.0,2.2703246623600004e+16
27.0,111.0,2.28130664944e+16
27.0,117.0,2.5558563264399996e+16
27.0,123.0,5.378227006e+16
27.0,129.0,5.90170172348e+16
27.0,135.0,5.92732636e+16
27.0,141.0,5.92732636e+16
27.0,147.0,5.92732636e+16
27.0,153.0,5.92732636e+16
27.0,159.0,5.92732636e+16
27.0,165.0,5.92732636e+16
27.0,171.0,5.92732636e+16
27.0,177.0,5.92732636e+16
33.0,-177.0,5.92732636e+16
33.0,-171.0,5.92732636e+16
33.0,-165.0,5.92732636e+16
33.0,-159.0,5.92732636e+16
33.0,-153.0,5.92732636e+16
33.0,-147.0,5.92732636e+16
33.0,-141.0,5.92732636e+16
33.0,-135.0,5.92732636e+16
33.0,-129.0,5.92732636e+16
33.0,-123.0,5.78456052796e+16
33.0,-117.0,3.70164364512e+16
33.0,-111.0,2.4130904944e+16
33.0,-105.0,2.2703246623600004e+16
33.0,-99.0,2.27398532472e+16
33.0,-93.0,2.2886279741600004e+16
33.0,-87.0,2.42041181912e+16
33.0,-81.0,3.277006811360001e+16
33.0,-75.0,5.66375867008e+16
33.0,-69.0,5.92732636e+16
33.0,-63.0,5.92732636e+16
33.0,-57.0,5.92732636e+16
33.0,-51.0,5.92732636e+16
33.0,-45.0,5.92732636e+16
33.0,-39.0,5.92732636e+16
33.0,-33.0,5.92732636e+16
33.0,-27.0,5.92732636e+16
33.0,-21.0,5.92732636e+16
33.0,-15.0,5.92000503528e+16
33.0,-9.0,4.6094879104e+16
33.0,-3.0,2.64005156072e+16
33.0,3.0,2.266664e+16
33.0,9.0,2.63639089836e+16
33.0,15.0,4.6827011576e+16
33.0,21.0,4.77787837896e+16
33.0,27.0,5.00483944528e+16
33.0,33.0,4.7559144048e+16
33.0,39.0,2.266664e+16
33.0,45.0,2.31059194832e+16
33.0,51.0,2.29228863652e+16
33.0,57.0,2.266664e+16
33.0,63.0,2.266664e+16
33.0,69.0,2.266664e+16
33.0,75.0,2.2703246623600004e+16
33.0,81.0,2.31059194832e+16
33.0,87.0,2.358180559e+16
33.0,93.0,2.3215739354e+16
33.0,99.0,2.27398532472e+16
33.0,105.0,2.266664e+16
33.0,111.0,2.266664e+16
33.0,117.0,2.4350544685600004e+16
33.0,123.0,5.4514402532e+16
33.0,129.0,5.07439203012e+16
33.0,135.0,4.94992950988e+16
33.0,141.0,5.67474065716e+16
33.0,147.0,5.92732636e+16
33.0,153.0,5.92732636e+16
33.0,159.0,5.92732636e+16
33.0,165.0,5.92732636e+16
33.0,171.0,5.92732636e+16
33.0,177.0,5.92732636e+16
39.0,-177.0,5.92732636e+16
39.0,-171.0,5.92732636e+16
39.0,-165.0,5.92732636e+16
39.0,-159.0,5.92732636e+16
39.0,-153.0,5.92732636e+16
39.0,-147.0,5.92732636e+16
39.0,-141.0,5.92732636e+16
39.0,-135.0,5.92732636e+16
39.0,-129.0,5.92732636e+16
39.0,-123.0,3.94690802324e+16
39.0,-117.0,2.2849673118e+16
39.0,-111.0,2.31059194832e+16
39.0,-105.0,2.2703246623600004e+16
39.0,-99.0,2.266664e+16
39.0,-93.0,2.266664e+16
39.0,-87.0,2.3069312859600004e+16
39.0,-81.0,2.38380519552e+16
39.0,-75.0,3.92860471144e+16
39.0,-69.0,5.835809801e+16
39.0,-63.0,5.92732636e+16
39.0,-57.0,5.92732636e+16
39.0,-51.0,5.92732636e+16
39.0,-45.0,5.92732636e+16
39.0,-39.0,5.92732636e+16
39.0,-33.0,5.92732636e+16
39.0,-27.0,5.905362385840001e+16
39.0,-21.0,5.92732636e+16
39.0,-15.0,5.92732636e+16
39.0,-9.0,4.44109744184e+16
39.0,-3.0,2.88531593884e+16
39.0,3.0,5.187872563279999e+16
39.0,9.0,5.143944614959999e+16
39.0,15.0,4.8840375874e+16
39.0,21.0,4.29101028508e+16
39.0,27.0,3.99449663392e+16
39.0,33.0,2.81210269164e+16
39.0,39.0,2.78647805512e+16
39.0,45.0,2.3764838708e+16
39.0,51.0,4.554577975e+16
39.0,57.0,2.31059194832e+16
39.0,63.0,2.2703246623600004e+16
39.0,69.0,2.27764598708e+16
39.0,75.0,2.27764598708e+16
39.0,81.0,2.266664e+16
39.0,87.0,2.2849673118e+16
39.0,93.0,2.28130664944e+16
39.0,99.0,2.3215739354e+16
39.0,105.0,2.266664e+16
39.0,111.0,2.27398532472e+16
39.0,117.0,2.65469421016e+16
39.0,123.0,4.22877902496e+16
39.0,129.0,4.25440366148e+16
39.0,135.0,5.758935891440001e+16
39.0,141.0,4.80350301548e+16
39.0,147.0,5.92732636e+16
39.0,153.0,5.92732636e+16
39.0,159.0,5.92732636e+16
39.0,165.0,5.92732636e+16
39.0,171.0,5.92732636e+16
39.0,177.0,5.92732636e+16
45.0,-177.0,5.92732636e+16
45.0,-171.0,5.92732636e+16
45.0,-165.0,5.92732636e+16
45.0,-159.0,5.92732636e+16
45.0,-153.0,5.92732636e+16
45.0,-147.0,5.92732636e+16
45.0,-141.0,5.92732636e+16
45.0,-135.0,5.92732636e+16
45.0,-129.0,5.92732636e+16
45.0,-123.0,3.41611198104e+16
45.0,-117.0,2.28130664944e+16
45.0,-111.0,2.27764598708e+16
45.0,-105.0,2.2886279741600004e+16
45.0,-99.0,2.3032706236e+16
45.0,-93.0,2.4423757932800004e+16
45.0,-87.0,3.5808417872399996e+16
45.0,-81.0,3.258703499560001e+16
45.0,-75.0,2.48996440396e+16
45.0,-69.0,3.43441529284e+16
45.0,-63.0,4.90600156156e+16
45.0,-57.0,5.66009800772e+16
45.0,-51.0,5.81018516448e+16
45.0,-45.0,5.92732636e+16
45.0,-39.0,5.92732636e+16
45.0,-33.0,5.92732636e+16
45.0,-27.0,5.92732636e+16
45.0,-21.0,5.92732636e+16
45.0,-15.0,5.92732636e+16
45.0,-9.0,5.466082902640001e+16
45.0,-3.0,4.26904631092e+16
45.0,3.0,2.65469421016e+16
45.0,9.0,3.1452229664e+16
45.0,15.0,3.277006811360001e+16
45.0,21.0,2.3215739354e+16
45.0,27.0,2.7974600422e+16
45.0,33.0,4.613148572759999e+16
45.0,39.0,3.80048152884e+16
45.0,45.0,2.5046070534e+16
45.0,51.0,4.09699518e+16
45.0,57.0,2.65835487252e+16
45.0,63.0,2.65835487252e+16
45.0,69.0,2.2703246623600004e+16
45.0,75.0,2.51558904048e+16
45.0,81.0,2.36916254608e+16
45.0,87.0,2.29594929888e+16
45.0,93.0,2.28130664944e+16
45.0,99.0,2.27398532472e+16
45.0,105.0,2.266664e+16
45.0,111.0,2.266664e+16
45.0,117.0,2.28130664944e+16
45.0,123.0,2.27398532472e+16
45.0,129.0,2.40210850732e+16
45.0,135.0,3.47834324116e+16
45.0,141.0,4.916983548640001e+16
45.0,147.0,5.7259899302e+16
45.0,153.0,5.91268371056e+16
45.0,159.0,5.92732636e+16
45.0,165.0,5.92732636e+16
45.0,171.0,5.92732636e+16
45.0,177.0,5.92732636e+16
51.0,-177.0,5.88339841168e+16
51.0,-171.0,5.8907197364e+16
51.0,-165.0,5.88339841168e+16
51.0,-159.0,5.92732636e+16
51.0,-153.0,5.92732636e+16
51.0,-147.0,5.92732636e+16
51.0,-141.0,5.92732636e+16
51.0,-135.0,5.84313112572e+16
51.0,-129.0,4.843770301440001e+16
51.0,-123.0,2.62174824892e+16
51.0,-117.0,2.3069312859600004e+16
51.0,-111.0,2.2703246623600004e+16
51.0,-105.0,2.31059194832e+16
51.0,-99.0,2.82674534108e+16
51.0,-93.0,2.50826771576e+16
51.0,-87.0,2.6034449371199996e+16
51.0,-81.0,2.99147514728e+16
51.0,-75.0,2.42041181912e+16
51.0,-69.0,2.6473728854399996e+16
51.0,-63.0,3.4197726434e+16
51.0,-57.0,3.90298007492e+16
51.0,-51.0,5.86509509988e+16
51.0,-45.0,5.92732636e+16
51.0,-39.0,5.92732636e+16
51.0,-33.0,5.92732636e+16
51.0,-27.0,5.92732636e+16
51.0,-21.0,5.92732636e+16
51.0,-15.0,5.92732636e+16
51.0,-9.0,5.14760527732e+16
51.0,-3.0,4.06770988112e+16
51.0,3.0,3.59914509904e+16
51.0,9.0,2.40210850732e+16
51.0,15.0,2.29228863652e+16
51.0,21.0,2.27764598708e+16
51.0,27.0,2.2703246623600004e+16
51.0,33.0,2.31425261068e+16
51.0,39.0,2.266664e+16
51.0,45.0,2.3215739354e+16
51.0,51.0,2.3069312859600004e+16
51.0,57.0,2.2703246623600004e+16
51.0,63.0,2.29960996124e+16
51.0,69.0,2.29960996124e+16
51.0,75.0,2.29594929888e+16
51.0,81.0,2.3215739354e+16
51.0,87.0,2.2849673118e+16
51.0,93.0,2.358180559e+16
51.0,99.0,2.31425261068e+16
51.0,105.0,2.4863037416e+16
51.0,111.0,2.358180559e+16
51.0,117.0,2.29960996124e+16
51.0,123.0,2.266664e+16
51.0,129.0,2.266664e+16
51.0,135.0,2.3435379095600004e+16
51.0,141.0,3.5808417872399996e+16
51.0,147.0,5.9090230482e+16
51.0,153.0,5.8907197364e+16
51.0,159.0,5.20617587508e+16
51.0,165.0,5.92732636e+16
51.0,171.0,5.91268371056e+16
51.0,177.0,5.91268371056e+16
57.0,-177.0,5.92732636e+16
57.0,-171.0,5.923665697640001e+16
57.0,-165.0,5.758935891440001e+16
57.0,-159.0,4.62046989748e+16
57.0,-153.0,5.17322991384e+16
57.0,-147.0,5.90170172348e+16
57.0,-141.0,5.75527522908e+16
57.0,-135.0,4.2434216744e+16
57.0,-129.0,2.47532175452e+16
57.0,-123.0,2.31059194832e+16
57.0,-117.0,2.29960996124e+16
57.0,-111.0,2.5046070534e+16
57.0,-105.0,2.5961236124e+16
57.0,-99.0,2.541213677e+16
57.0,-93.0,3.3831660198e+16
57.0,-87.0,4.69734380704e+16
57.0,-81.0,5.52099283804e+16
57.0,-75.0,2.77183540568e+16
57.0,-69.0,2.86701262704e+16
57.0,-63.0,3.46003992936e+16
57.0,-57.0,5.7076866184e+16
57.0,-51.0,5.92732636e+16
57.0,-45.0,5.91268371056e+16
57.0,-39.0,5.92732636e+16
57.0,-33.0,5.92732636e+16
57.0,-27.0,5.92732636e+16
57.0,-21.0,5.92732636e+16
57.0,-15.0,5.92732636e+16
57.0,-9.0,5.5063501886e+16
57.0,-3.0,4.50332870196e+16
57.0,3.0,5.86143443752e+16
57.0,9.0,4.2983316098e+16
57.0,15.0,3.82610616536e+16
57.0,21.0,4.5179713514e+16
57.0,27.0,2.6473728854399996e+16
57.0,33.0,2.3032706236e+16
57.0,39.0,2.35451989664e+16
57.0,45.0,2.29960996124e+16
57.0,51.0,2.33255592248e+16
57.0,57.0,2.31791327304e+16
57.0,63.0,2.2849673118e+16
57.0,69.0,2.3069312859600004e+16
57.0,75.0,2.29960996124e+16
57.0,81.0,2.31791327304e+16
57.0,87.0,2.27398532472e+16
57.0,93.0,2.2886279741600004e+16
57.0,99.0,2.2886279741600004e+16
57.0,105.0,2.29960996124e+16
57.0,111.0,2.4167511567600004e+16
57.0,117.0,2.2703246623600004e+16
57.0,123.0,2.266664e+16
57.0,129.0,2.266664e+16
57.0,135.0,2.57049897588e+16
57.0,141.0,4.78886036604e+16
57.0,147.0,5.55759946164e+16
57.0,153.0,5.48072555208e+16
57.0,159.0,3.28066747372e+16
57.0,165.0,5.49536820152e+16
57.0,171.0,5.923665697640001e+16
57.0,177.0,5.92732636e+16
63.0,-177.0,5.49902886388e+16
63.0,-171.0,5.473404227359999e+16
63.0,-165.0,4.15922644012e+16
63.0,-159.0,2.43871513092e+16
63.0,-153.0,2.4057691696800004e+16
63.0,-147.0,2.52657102756e+16
63.0,-141.0,2.2886279741600004e+16
63.0,-135.0,2.2886279741600004e+16
63.0,-129.0,2.28130664944e+16
63.0,-123.0,2.52657102756e+16
63.0,-117.0,2.75719275624e+16
63.0,-111.0,2.7059434832e+16
63.0,-105.0,2.48996440396e+16
63.0,-99.0,2.64005156072e+16
63.0,-93.0,3.5112892024e+16
63.0,-87.0,4.88769824976e+16
63.0,-81.0,5.42581561668e+16
63.0,-75.0,3.82976682772e+16
63.0,-69.0,3.83342749008e+16
63.0,-63.0,5.4331369414e+16
63.0,-57.0,5.92732636e+16
63.0,-51.0,4.49234671488e+16
63.0,-45.0,2.7059434832e+16
63.0,-39.0,5.35260236948e+16
63.0,-33.0,5.92732636e+16
63.0,-27.0,5.92000503528e+16
63.0,-21.0,4.873055600320001e+16
63.0,-15.0,5.15492660204e+16
63.0,-9.0,5.90170172348e+16
63.0,-3.0,5.905362385840001e+16
63.0,3.0,5.74063257964e+16
63.0,9.0,3.8041421912e+16
63.0,15.0,2.54487433936e+16
63.0,21.0,4.01646060808e+16
63.0,27.0,3.0170997838e+16
63.0,33.0,3.0720097192e+16
63.0,39.0,2.97317183548e+16
63.0,45.0,2.27764598708e+16
63.0,51.0,2.27398532472e+16
63.0,57.0,2.27398532472e+16
63.0,63.0,2.3069312859600004e+16
63.0,69.0,2.31425261068e+16
63.0,75.0,2.29228863652e+16
63.0,81.0,2.27764598708e+16
63.0,87.0,2.3032706236e+16
63.0,93.0,2.27398532472e+16
63.0,99.0,2.266664e+16
63.0,105.0,2.266664e+16
63.0,111.0,2.266664e+16
63.0,117.0,2.28130664944e+16
63.0,123.0,2.31791327304e+16
63.0,129.0,2.3215739354e+16
63.0,135.0,2.29228863652e+16
63.0,141.0,2.266664e+16
63.0,147.0,2.266664e+16
63.0,153.0,2.33621658484e+16
63.0,159.0,3.13424097932e+16
63.0,165.0,2.62540891128e+16
63.0,171.0,2.7279074573600004e+16
63.0,177.0,3.9871753092e+16
69.0,-177.0,4.59484526096e+16
69.0,-171.0,5.60518807232e+16
69.0,-165.0,5.070731367759999e+16
69.0,-159.0,3.11593766752e+16
69.0,-153.0,3.068349056839999e+16
69.0,-147.0,3.364862708e+16
69.0,-141.0,3.68334033332e+16
69.0,-135.0,3.95789001032e+16
69.0,-129.0,3.5735204625200004e+16
69.0,-123.0,3.70530430748e+16
69.0,-117.0,3.43441529284e+16
69.0,-111.0,2.97317183548e+16
69.0,-105.0,3.2220968759600004e+16
69.0,-99.0,4.16654776484e+16
69.0,-93.0,3.43075463048e+16
69.0,-87.0,3.53325317656e+16
69.0,-81.0,3.96155067268e+16
69.0,-75.0,3.66503702152e+16
69.0,-69.0,3.5661991378e+16
69.0,-63.0,5.32697773296e+16
69.0,-57.0,5.75527522908e+16
69.0,-51.0,3.05736706976e+16
69.0,-45.0,2.266664e+16
69.0,-39.0,2.28130664944e+16
69.0,-33.0,3.10129501808e+16
69.0,-27.0,4.18485107664e+16
69.0,-21.0,5.50268952624e+16
69.0,-15.0,5.8541131128e+16
69.0,-9.0,5.91634437292e+16
69.0,-3.0,5.92732636e+16
69.0,3.0,5.92732636e+16
69.0,9.0,5.92732636e+16
69.0,15.0,4.862073613240001e+16
69.0,21.0,3.47834324116e+16
69.0,27.0,3.1269196546e+16
69.0,33.0,3.99083597156e+16
69.0,39.0,4.79984235312e+16
69.0,45.0,5.22081852452e+16
69.0,51.0,4.27636763564e+16
69.0,57.0,3.98351464684e+16
69.0,63.0,3.8041421912e+16
69.0,69.0,2.9804931602e+16
69.0,75.0,3.331916746760001e+16
69.0,81.0,2.4680004298e+16
69.0,87.0,2.3801445331600004e+16
69.0,93.0,2.33621658484e+16
69.0,99.0,2.27398532472e+16
69.0,105.0,2.2703246623600004e+16
69.0,111.0,2.266664e+16
69.0,117.0,2.266664e+16
69.0,123.0,2.3252345977600004e+16
69.0,129.0,2.58148096296e+16
69.0,135.0,2.5668383135199996e+16
69.0,141.0,2.3801445331600004e+16
69.0,147.0,2.37282320844e+16
69.0,153.0,2.907279913e+16
69.0,159.0,3.258703499560001e+16
69.0,165.0,3.730928944e+16
69.0,171.0,3.72726828164e+16
69.0,177.0,3.6760190086e+16
75.0,-177.0,5.92732636e+16
75.0,-171.0,5.92732636e+16
75.0,-165.0,5.92732636e+16
75.0,-159.0,5.92732636e+16
75.0,-153.0,5.92732636e+16
75.0,-147.0,5.92732636e+16
75.0,-141.0,5.92732636e+16
75.0,-135.0,5.92732636e+16
75.0,-129.0,5.92732636e+16
75.0,-123.0,4.59484526096e+16
75.0,-117.0,4.07503120584e+16
75.0,-111.0,4.52163201376e+16
75.0,-105.0,4.99751812056e+16
75.0,-99.0,4.47770406544e+16
75.0,-93.0,4.2068150508e+16
75.0,-87.0,3.88101610076e+16
75.0,-81.0,3.70164364512e+16
75.0,-75.0,5.601527409959999e+16
75.0,-69.0,5.22081852452e+16
75.0,-63.0,4.80716367784e+16
75.0,-57.0,3.64307304736e+16
75.0,-51.0,2.2703246623600004e+16
75.0,-45.0,2.266664e+16
75.0,-39.0,2.266664e+16
75.0,-33.0,2.266664e+16
75.0,-27.0,2.39112652024e+16
75.0,-21.0,3.91762272436e+16
75.0,-15.0,5.91268371056e+16
75.0,-9.0,5.92732636e+16
75.0,-3.0,5.92732636e+16
75.0,3.0,5.92732636e+16
75.0,9.0,5.92732636e+16
75.0,15.0,5.55759946164e+16
75.0,21.0,5.75527522908e+16
75.0,27.0,5.92000503528e+16
75.0,33.0,5.92732636e+16
75.0,39.0,5.92732636e+16
75.0,45.0,5.92732636e+16
75.0,51.0,5.76625721616e+16
75.0,57.0,4.90600156156e+16
75.0,63.0,5.43679760376e+16
75.0,69.0,5.36358435656e+16
75.0,75.0,5.769917878520001e+16
75.0,81.0,5.301353096440001e+16
75.0,87.0,4.3349382334e+16
75.0,93.0,3.5515564883600004e+16
75.0,99.0,3.37950535744e+16
75.0,105.0,2.8816552764800004e+16
75.0,111.0,3.66137635916e+16
75.0,117.0,5.02314275708e+16
75.0,123.0,5.180551238559999e+16
75.0,129.0,5.5063501886e+16
75.0,135.0,5.82848847628e+16
75.0,141.0,4.843770301440001e+16
75.0,147.0,5.49902886388e+16
75.0,153.0,5.90170172348e+16
75.0,159.0,5.92732636e+16
75.0,165.0,5.92732636e+16
75.0,171.0,5.92732636e+16
75.0,177.0,5.92732636e+16
81.0,-177.0,2.7280717905e+16
81.0,-171.0,2.7280717905e+16
81.0,-165.0,2.7280717905e+16
81.0,-159.0,2.7280717905e+16
81.0,-153.0,2.7280717905e+16
81.0,-147.0,2.7280717905e+16
81.0,-141.0,2.7280717905e+16
81.0,-135.0,2.7280717905e+16
81.0,-129.0,2.7280717905e+16
81.0,-123.0,2.7280717905e+16
81.0,-117.0,2.7280717905e+16
81.0,-111.0,2.7109997022515e+16
81.0,-105.0,2.6962346529555e+16
81.0,-99.0,2.6777783413354996e+16
81.0,-93.0,2.554582461272e+16
81.0,-87.0,2.487216923859e+16
81.0,-81.0,2.400472259245e+16
81.0,-75.0,2.4032407059880004e+16
81.0,-69.0,2.466914981077e+16
81.0,-63.0,2.437384882485e+16
81.0,-57.0,2.412468861798e+16
81.0,-51.0,2.4032407059880004e+16
81.0,-45.0,2.3598683736809996e+16
81.0,-39.0,2.3206487114885e+16
81.0,-33.0,2.3146504102119996e+16
81.0,-27.0,2.356177111357e+16
81.0,-21.0,2.503827604317e+16
81.0,-15.0,2.658860621925e+16
81.0,-9.0,2.7280717905e+16
81.0,-3.0,2.7280717905e+16
81.0,3.0,2.7280717905e+16
81.0,9.0,2.7156137801565e+16
81.0,15.0,2.61733392078e+16
81.0,21.0,2.6251778532185e+16
81.0,27.0,2.6980802841175e+16
81.0,33.0,2.726226159338e+16
81.0,39.0,2.7280717905e+16
81.0,45.0,2.719766450271e+16
81.0,51.0,2.704078585394e+16
81.0,57.0,2.6833152348215e+16
81.0,63.0,2.70038732307e+16
81.0,69.0,2.7280717905e+16
81.0,75.0,2.7266875671285e+16
81.0,81.0,2.726226159338e+16
81.0,87.0,2.7280717905e+16
81.0,93.0,2.649632466115e+16
81.0,99.0,2.6316375622854996e+16
81.0,105.0,2.6897749438885e+16
81.0,111.0,2.7280717905e+16
81.0,117.0,2.7280717905e+16
81.0,123.0,2.7280717905e+16
81.0,129.0,2.7280717905e+16
81.0,135.0,2.7280717905e+16
81.0,141.0,2.7280717905e+16
81.0,147.0,2.7280717905e+16
81.0,153.0,2.7280717905e+16
81.0,159.0,2.7280717905e+16
81.0,165.0,2.7280717905e+16
81.0,171.0,2.7280717905e+16
81.0,177.0,2.7280717905e+16
87.0,-177.0,2.7280717905e+16
87.0,-171.0,2.7280717905e+16
87.0,-165.0,2.7280717905e+16
87.0,-159.0,2.7280717905e+16
87.0,-153.0,2.7280717905e+16
87.0,-147.0,2.7280717905e+16
87.0,-141.0,2.7280717905e+16
87.0,-135.0,2.7280717905e+16
87.0,-129.0,2.7280717905e+16
87.0,-123.0,2.7280717905e+16
87.0,-117.0,2.7280717905e+16
87.0,-111.0,2.7280717905e+16
87.0,-105.0,2.7280717905e+16
87.0,-99.0,2.7280717905e+16
87.0,-93.0,2.7280717905e+16
87.0,-87.0,2.7280717905e+16
87.0,-81.0,2.7280717905e+16
87.0,-75.0,2.7280717905e+16
87.0,-69.0,2.7280717905e+16
87.0,-63.0,2.7280717905e+16
87.0,-57.0,2.7280717905e+16
87.0,-51.0,2.7280717905e+16
87.0,-45.0,2.7280717905e+16
87.0,-39.0,2.7280717905e+16
87.0,-33.0,2.7280717905e+16
87.0,-27.0,2.7280717905e+16
87.0,-21.0,2.7280717905e+16
87.0,-15.0,2.7280717905e+16
87.0,-9.0,2.7280717905e+16
87.0,-3.0,2.7280717905e+16
87.0,3.0,2.7280717905e+16
87.0,9.0,2.7280717905e+16
87.0,15.0,2.7280717905e+16
87.0,21.0,2.7280717905e+16
87.0,27.0,2.7280717905e+16
87.0,33.0,2.7280717905e+16
87.0,39.0,2.7280717905e+16
87.0,45.0,2.7280717905e+16
87.0,51.0,2.7280717905e+16
87.0,57.0,2.7280717905e+16
87.0,63.0,2.7280717905e+16
87.0,69.0,2.7280717905e+16
87.0,75.0,2.7280717905e+16
87.0,81.0,2.7280717905e+16
87.0,87.0,2.7280717905e+16
87.0,93.0,2.7280717905e+16
87.0,99.0,2.7280717905e+16
87.0,105.0,2.7280717905e+16
87.0,111.0,2.7280717905e+16
87.0,117.0,2.7280717905e+16
87.0,123.0,2.7280717905e+16
87.0,129.0,2.7280717905e+16
87.0,135.0,2.7280717905e+16
87.0,141.0,2.7280717905e+16
87.0,147.0,2.7280717905e+16
87.0,153.0,2.7280717905e+16
87.0,159.0,2.7280717905e+16
87.0,165.0,2.7280717905e+16
87.0,171.0,2.7280717905e+16
87.0,177.0,2.7280717905e+16
