latitude,longitude,cp_J_per_K
-87.0,-177.0,5.227340981439737e+16
-87.0,-171.0,5.034823212259e+16
-87.0,-165.0,4.2371617394526744e+16
-87.0,-159.0,4.595822042732659e+16
-87.0,-153.0,4.506862728241769e+16
-87.0,-147.0,3.9823651540257256e+16
-87.0,-141.0,2.264730587058148e+16
-87.0,-135.0,5.018788115984421e+16
-87.0,-129.0,4.942406680399326e+16
-87.0,-123.0,4.455126940532534e+16
-87.0,-117.0,4.0488417071814664e+16
-87.0,-111.0,3.916709138974885e+16
-87.0,-105.0,5.054304010431853e+16
-87.0,-99.0,4.543246636481911e+16
-87.0,-93.0,4.4310138695821416e+16
-87.0,-87.0,3.664275277340165e+16
-87.0,-81.0,5.00815046326635e+16
-87.0,-75.0,4.546157421160477e+16
-87.0,-69.0,4.784827541421029e+16
-87.0,-63.0,5.072194203083512e+16
-87.0,-57.0,3.598175038216701e+16
-87.0,-51.0,3.2629158143210924e+16
-87.0,-45.0,2.214915049393008e+16
-87.0,-39.0,2.270750058915088e+16
-87.0,-33.0,4.825896172721801e+16
-87.0,-27.0,4.719026460198273e+16
-87.0,-21.0,2.4723014344470896e+16
-87.0,-15.0,2.4380087948161644e+16
-87.0,-9.0,2.2039546516658348e+16
-87.0,-3.0,4.849788349809713e+16
-87.0,3.0,4.951198880740491e+16
-87.0,9.0,2.753819922656975e+16
-87.0,15.0,2.550658807875171e+16
-87.0,21.0,3.226182159578537e+16
-87.0,27.0,5.135160627110872e+16
-87.0,33.0,4.418884431542339e+16
-87.0,39.0,4.828266438929765e+16
-87.0,45.0,3.580535350817223e+16
-87.0,51.0,3.039604348776587e+16
-87.0,57.0,4.930007563670567e+16
-87.0,63.0,3.2318225803167856e+16
-87.0,69.0,4.248997325465106e+16
-87.0,75.0,4.681555321706152e+16
-87.0,81.0,3.795333601792571e+16
-87.0,87.0,2.6181257436948704e+16
-87.0,93.0,4.708006634641648e+16
-87.0,99.0,3.3847921261894576e+16
-87.0,105.0,2.514572947180078e+16
-87.0,111.0,4.245215307469543e+16
-87.0,117.0,3.9306863715928584e+16
-87.0,123.0,4.0486685885468504e+16
-87.0,129.0,4.659905588632046e+16
-87.0,135.0,4.458839368904046e+16
-87.0,141.0,3.7528409431782664e+16
-87.0,147.0,5.218494525718224e+16
-87.0,153.0,4.08832938775794e+16
-87.0,159.0,4.873287298906753e+16
-87.0,165.0,4.138522435933699e+16
-87.0,171.0,4.529535697975069e+16
-87.0,177.0,4.881037613312026e+16
-81.0,-177.0,3.216491623951138e+16
-81.0,-171.0,2.835097627660288e+16
-81.0,-165.0,5.008227319704874e+16
-81.0,-159.0,4.775706854639531e+16
-81.0,-153.0,5.168569028105488e+16
-81.0,-147.0,4.220169682926162e+16
-81.0,-141.0,2.8659644338189816e+16
-81.0,-135.0,4.059830641434072e+16
-81.0,-129.0,4.06907687341055e+16
-81.0,-123.0,2.7660904150355188e+16
-81.0,-117.0,3.8972118160554616e+16
-81.0,-111.0,4.479977446112149e+16
-81.0,-105.0,3.1321363224216384e+16
-81.0,-99.0,4.914468593657823e+16
-81.0,-93.0,4.946236463884802e+16
-81.0,-87.0,3.1905537764663116e+16
-81.0,-81.0,5.149561733039947e+16
-81.0,-75.0,3.795622566310126e+16
-81.0,-69.0,2.5703866513252844e+16
-81.0,-63.0,4.588988112886607e+16
-81.0,-57.0,3.1771394269620064e+16
-81.0,-51.0,4.633702737745989e+16
-81.0,-45.0,3.225434088605604e+16
-81.0,-39.0,5.037072842527086e+16
-81.0,-33.0,3.985499865011704e+16
-81.0,-27.0,4.620353975781877e+16
-81.0,-21.0,3.0453455068091716e+16
-81.0,-15.0,3.8856683585966104e+16
-81.0,-9.0,5.160144146012369e+16
-81.0,-3.0,4.539888848751804e+16
-81.0,3.0,4.259858977876847e+16
-81.0,9.0,4.439890421308838e+16
-81.0,15.0,2.6005096143508868e+16
-81.0,21.0,2.8453303341085144e+16
-81.0,27.0,4.2233533823014536e+16
-81.0,33.0,2.4255345921423064e+16
-81.0,39.0,4.12347985875584e+16
-81.0,45.0,2.2494818319451836e+16
-81.0,51.0,4.8582644859118296e+16
-81.0,57.0,4.686301104434514e+16
-81.0,63.0,2.997088476327775e+16
-81.0,69.0,3.7772813973002056e+16
-81.0,75.0,4.712667999086421e+16
-81.0,81.0,2.7848460953227696e+16
-81.0,87.0,3.75006820798436e+16
-81.0,93.0,3.1640498601092976e+16
-81.0,99.0,2.2407360358273196e+16
-81.0,105.0,3.945966751938835e+16
-81.0,111.0,4.496964847706056e+16
-81.0,117.0,4.652363541598342e+16
-81.0,123.0,4.048354734073752e+16
-81.0,129.0,4.733676343610084e+16
-81.0,135.0,2.294311079496891e+16
-81.0,141.0,4.14590149474181e+16
-81.0,147.0,4.213997440822642e+16
-81.0,153.0,3.733032690750153e+16
-81.0,159.0,2.607318519178891e+16
-81.0,165.0,4.383923775527488e+16
-81.0,171.0,3.764688639505755e+16
-81.0,177.0,5.135176084902117e+16
-75.0,-177.0,3.9992214136911064e+16
-75.0,-171.0,2.597834649205748e+16
-75.0,-165.0,2.845688936452197e+16
-75.0,-159.0,4.405320111425589e+16
-75.0,-153.0,3.4340413980571692e+16
-75.0,-147.0,4.767331577796694e+16
-75.0,-141.0,4.066820383326907e+16
-75.0,-135.0,4.4737338191020456e+16
-75.0,-129.0,5.16969367977831e+16
-75.0,-123.0,4.6702805417151064e+16
-75.0,-117.0,3.2886235374595936e+16
-75.0,-111.0,2.3469772691207156e+16
-75.0,-105.0,4.890228838098036e+16
-75.0,-99.0,2.984219227310172e+16
-75.0,-93.0,3.839915599133571e+16
-75.0,-87.0,2.5569267095992628e+16
-75.0,-81.0,3.354146763582741e+16
-75.0,-75.0,4.3596561741069e+16
-75.0,-69.0,4.318654573808352e+16
-75.0,-63.0,2.8287318416394724e+16
-75.0,-57.0,4.735094106662976e+16
-75.0,-51.0,4.782878310051362e+16
-75.0,-45.0,3.413225380312885e+16
-75.0,-39.0,5.168613896517444e+16
-75.0,-33.0,2.074181556510901e+16
-75.0,-27.0,2.117858322420579e+16
-75.0,-21.0,3.2757345416698384e+16
-75.0,-15.0,3.979237956100461e+16
-75.0,-9.0,4.037830177148534e+16
-75.0,-3.0,3.223458002502086e+16
-75.0,3.0,4.282553543370719e+16
-75.0,9.0,3.0568424012634456e+16
-75.0,15.0,5.198982437707323e+16
-75.0,21.0,4.49926296600051e+16
-75.0,27.0,5.091229663952119e+16
-75.0,33.0,4.485724617258029e+16
-75.0,39.0,4.33768364594025e+16
-75.0,45.0,2.7984225744766516e+16
-75.0,51.0,2.238043654334234e+16
-75.0,57.0,3.9727835822926824e+16
-75.0,63.0,4.022037039406888e+16
-75.0,69.0,2.783630688867972e+16
-75.0,75.0,3.582044795577005e+16
-75.0,81.0,2.4933838403426896e+16
-75.0,87.0,2.637829966949029e+16
-75.0,93.0,3.5526437061463924e+16
-75.0,99.0,2.9356572397103324e+16
-75.0,105.0,4.641151245960472e+16
-75.0,111.0,2.6117259558934896e+16
-75.0,117.0,2.7950548453075296e+16
-75.0,123.0,5.149770515742686e+16
-75.0,129.0,4.970249836442044e+16
-75.0,135.0,2.5201375600949636e+16
-75.0,141.0,4.820143325567918e+16
-75.0,147.0,4.803252506210966e+16
-75.0,153.0,4.786616417662234e+16
-75.0,159.0,4.234357278410759e+16
-75.0,165.0,3.5134982943207636e+16
-75.0,171.0,3.1611181716217624e+16
-75.0,177.0,2.9675762810551264e+16
-69.0,-177.0,5.117476914655813e+16
-69.0,-171.0,4.260674705251161e+16
-69.0,-165.0,4.979062107143292e+16
-69.0,-159.0,2.8170102908252656e+16
-69.0,-153.0,3.240971198182886e+16
-69.0,-147.0,2.4924577242801344e+16
-69.0,-141.0,4.96145512839272e+16
-69.0,-135.0,3.20324592636995e+16
-69.0,-129.0,3.754156124036357e+16
-69.0,-123.0,2.4684439621210532e+16
-69.0,-117.0,4.840915470031226e+16
-69.0,-111.0,2.40450082975709e+16
-69.0,-105.0,4.524619760439146e+16
-69.0,-99.0,4.51028525287435e+16
-69.0,-93.0,5.144090296833106e+16
-69.0,-87.0,3.038017446862965e+16
-69.0,-81.0,4.634346003325221e+16
-69.0,-75.0,2.6992051865559464e+16
-69.0,-69.0,3.719671688552808e+16
-69.0,-63.0,4.113868014028408e+16
-69.0,-57.0,3.8362074444616456e+16
-69.0,-51.0,4.697136979733277e+16
-69.0,-45.0,4.714463615716008e+16
-69.0,-39.0,2.8299150382181584e+16
-69.0,-33.0,5.0213784682279736e+16
-69.0,-27.0,4.277086864136316e+16
-69.0,-21.0,5.039126367978557e+16
-69.0,-15.0,3.888145041041582e+16
-69.0,-9.0,4.098702401454874e+16
-69.0,-3.0,3.879341045608395e+16
-69.0,3.0,2.493900510573285e+16
-69.0,9.0,4.141705860217747e+16
-69.0,15.0,4.025401586221738e+16
-69.0,21.0,3.9906733523140616e+16
-69.0,27.0,4.217623998789225e+16
-69.0,33.0,3.5345384652828936e+16
-69.0,39.0,3.333368098068592e+16
-69.0,45.0,3.5823577934013664e+16
-69.0,51.0,3.5433641177115744e+16
-69.0,57.0,4.457924842417853e+16
-69.0,63.0,4.343700353795908e+16
-69.0,69.0,3.3018351056134976e+16
-69.0,75.0,3.500591569824415e+16
-69.0,81.0,4.051473776657916e+16
-69.0,87.0,2.9656699499033124e+16
-69.0,93.0,3.671721119051191e+16
-69.0,99.0,3.305439056248487e+16
-69.0,105.0,2.7027781368576576e+16
-69.0,111.0,2.3015774208941536e+16
-69.0,117.0,2.935586098383027e+16
-69.0,123.0,2.396913211603519e+16
-69.0,129.0,3.767874135049344e+16
-69.0,135.0,3.7984473338981656e+16
-69.0,141.0,4.169669972369474e+16
-69.0,147.0,2.621110632371772e+16
-69.0,153.0,2.3060715355771428e+16
-69.0,159.0,4.68054693269149e+16
-69.0,165.0,3.701987423596173e+16
-69.0,171.0,3.1722097962810612e+16
-69.0,177.0,2.716212237814733e+16
-63.0,-177.0,3.091618768805745e+16
-63.0,-171.0,3.751596403285254e+16
-63.0,-165.0,2.6991645484171704e+16
-63.0,-159.0,3.211962045617892e+16
-63.0,-153.0,2.6182283009869036e+16
-63.0,-147.0,2.1095570556037824e+16
-63.0,-141.0,3.1346867685759892e+16
-63.0,-135.0,4.3093845149840824e+16
-63.0,-129.0,3.216896449770327e+16
-63.0,-123.0,3.66818871354251e+16
-63.0,-117.0,5.15096730364728e+16
-63.0,-111.0,3.688084001086491e+16
-63.0,-105.0,3.459895768982648e+16
-63.0,-99.0,3.38480891757957e+16
-63.0,-93.0,2.5244003360817644e+16
-63.0,-87.0,4.6556171893153976e+16
-63.0,-81.0,3.523309439485851e+16
-63.0,-75.0,4.1897412802550536e+16
-63.0,-69.0,3.743925463861162e+16
-63.0,-63.0,2.4776150774036972e+16
-63.0,-57.0,3.4457677752288736e+16
-63.0,-51.0,4.491700933734504e+16
-63.0,-45.0,4.2354096334707624e+16
-63.0,-39.0,4.090220017222853e+16
-63.0,-33.0,4.896401076826107e+16
-63.0,-27.0,2.6132188584461816e+16
-63.0,-21.0,2.8641558938302308e+16
-63.0,-15.0,5.09703955983541e+16
-63.0,-9.0,3.085580286512635e+16
-63.0,-3.0,3.168108111314913e+16
-63.0,3.0,3.572837434562011e+16
-63.0,9.0,2.6834342761506584e+16
-63.0,15.0,2.8145807335853464e+16
-63.0,21.0,3.986470992395053e+16
-63.0,27.0,4.3650161850129064e+16
-63.0,33.0,2.1756379348202336e+16
-63.0,39.0,4.249980175664009e+16
-63.0,45.0,3.138300253167431e+16
-63.0,51.0,4.712619875550105e+16
-63.0,57.0,3.3879917601995264e+16
-63.0,63.0,4.0366688940992776e+16
-63.0,69.0,3.4532692537659668e+16
-63.0,75.0,5.02724905925437e+16
-63.0,81.0,2.8364490012438436e+16
-63.0,87.0,2.2481160962561616e+16
-63.0,93.0,2.9253690919388676e+16
-63.0,99.0,3.7622285922529096e+16
-63.0,105.0,2.019790274764651e+16
-63.0,111.0,4.307326504749015e+16
-63.0,117.0,3.41612024296444e+16
-63.0,123.0,4.055124944426423e+16
-63.0,129.0,4.967506229664745e+16
-63.0,135.0,5.2041974211497224e+16
-63.0,141.0,3.554327268137998e+16
-63.0,147.0,2.9399656958347464e+16
-63.0,153.0,5.1836716748712376e+16
-63.0,159.0,4.606703889474255e+16
-63.0,165.0,2.728723772815242e+16
-63.0,171.0,2.5719311749149684e+16
-63.0,177.0,5.1090700550593224e+16
-57.0,-177.0,2.4628770702618576e+16
-57.0,-171.0,4.119724695855092e+16
-57.0,-165.0,2.4432586295411804e+16
-57.0,-159.0,2.789169713665703e+16
-57.0,-153.0,3.5796162167849256e+16
-57.0,-147.0,2.191033289679787e+16
-57.0,-141.0,2.888674827380195e+16
-57.0,-135.0,3.291191660007204e+16
-57.0,-129.0,3.5863998622415424e+16
-57.0,-123.0,2.0768778730320136e+16
-57.0,-117.0,3.3002338773949416e+16
-57.0,-111.0,3.580619378599764e+16
-57.0,-105.0,5.008006592773626e+16
-57.0,-99.0,4.6308319131882824e+16
-57.0,-93.0,3.4666170875970428e+16
-57.0,-87.0,3.1366724468458428e+16
-57.0,-81.0,4.775055284617772e+16
-57.0,-75.0,5.1598261226356984e+16
-57.0,-69.0,2.5820709143792988e+16
-57.0,-63.0,4.431342308834258e+16
-57.0,-57.0,3.27325965772236e+16
-57.0,-51.0,2.9664176384706656e+16
-57.0,-45.0,3.0871402026947804e+16
-57.0,-39.0,4.925487289519767e+16
-57.0,-33.0,2.9503139692466324e+16
-57.0,-27.0,2.4376553364731704e+16
-57.0,-21.0,3.144222964674209e+16
-57.0,-15.0,2.196287332048937e+16
-57.0,-9.0,3.997232040194965e+16
-57.0,-3.0,4.263159441964632e+16
-57.0,3.0,3.0778141981229264e+16
-57.0,9.0,2.7670949377720984e+16
-57.0,15.0,3.036489953694529e+16
-57.0,21.0,3.99330373978112e+16
-57.0,27.0,4.022757665415189e+16
-57.0,33.0,3.188106573374109e+16
-57.0,39.0,3.1137967970297108e+16
-57.0,45.0,3.4554316226982108e+16
-57.0,51.0,4.417154624873102e+16
-57.0,57.0,5.136565383788488e+16
-57.0,63.0,3.806906491620107e+16
-57.0,69.0,3.682406628401681e+16
-57.0,75.0,4.233547127814226e+16
-57.0,81.0,2.5565980868991576e+16
-57.0,87.0,2.955706728256379e+16
-57.0,93.0,2.93890225353981e+16
-57.0,99.0,2.388610276528329e+16
-57.0,105.0,3.3108898717234096e+16
-57.0,111.0,3.1740092057232456e+16
-57.0,117.0,2.82889479001056e+16
-57.0,123.0,2.811735789971842e+16
-57.0,129.0,3.1761280161033908e+16
-57.0,135.0,2.61078289705227e+16
-57.0,141.0,3.0630895604437092e+16
-57.0,147.0,2.469225206879752e+16
-57.0,153.0,4.479010970433408e+16
-57.0,159.0,4.928344207876297e+16
-57.0,165.0,3.0468495111502736e+16
-57.0,171.0,3.0136531332141748e+16
-57.0,177.0,4.606370004335774e+16
-51.0,-177.0,3.950472177451942e+16
-51.0,-171.0,3.941220184483226e+16
-51.0,-165.0,2.9997229153129372e+16
-51.0,-159.0,3.1534389536379e+16
-51.0,-153.0,2.4753944706068372e+16
-51.0,-147.0,3.0549570942981156e+16
-51.0,-141.0,3.4830816843146644e+16
-51.0,-135.0,3.733551385430384e+16
-51.0,-129.0,3.9785904997143624e+16
-51.0,-123.0,2.7038539883542264e+16
-51.0,-117.0,3.957530574021512e+16
-51.0,-111.0,4.581368847167949e+16
-51.0,-105.0,3.2814040383720148e+16
-51.0,-99.0,3.744071727418613e+16
-51.0,-93.0,4.853329291441507e+16
-51.0,-87.0,4.8818818860161496e+16
-51.0,-81.0,3.752223143375989e+16
-51.0,-75.0,3.91093548311554e+16
-51.0,-69.0,3.5476415569903612e+16
-51.0,-63.0,4.800066386090835e+16
-51.0,-57.0,2.2019407914580508e+16
-51.0,-51.0,3.736071300499692e+16
-51.0,-45.0,3.4511303684468604e+16
-51.0,-39.0,4.154544620621263e+16
-51.0,-33.0,2.9040617044655136e+16
-51.0,-27.0,4.32342555061016e+16
-51.0,-21.0,4.4119561136663544e+16
-51.0,-15.0,3.5996329171219416e+16
-51.0,-9.0,3.1638393451686324e+16
-51.0,-3.0,4.580257512209625e+16
-51.0,3.0,4.6864713284642616e+16
-51.0,9.0,4.483913787858493e+16
-51.0,15.0,4.3882313928521224e+16
-51.0,21.0,4.997548217925623e+16
-51.0,27.0,3.271281127304979e+16
-51.0,33.0,2.5747634673116736e+16
-51.0,39.0,3.216707731445097e+16
-51.0,45.0,3.867722786428133e+16
-51.0,51.0,4.4030201437795096e+16
-51.0,57.0,4.941775898441409e+16
-51.0,63.0,5.016485928821935e+16
-51.0,69.0,3.0162296618086612e+16
-51.0,75.0,2.704217764104315e+16
-51.0,81.0,2.638335397095416e+16
-51.0,87.0,4.983313057445259e+16
-51.0,93.0,3.4903735196138052e+16
-51.0,99.0,5.1621753290043464e+16
-51.0,105.0,3.145396905886204e+16
-51.0,111.0,3.3873614893377244e+16
-51.0,117.0,2.5840928873242064e+16
-51.0,123.0,4.506661296742979e+16
-51.0,129.0,4.927558132982235e+16
-51.0,135.0,4.408945877255607e+16
-51.0,141.0,3.2257017448290784e+16
-51.0,147.0,2.3081950126330664e+16
-51.0,153.0,5.056413939343091e+16
-51.0,159.0,4.6523765350898264e+16
-51.0,165.0,3.606312212729884e+16
-51.0,171.0,2.4181304612858044e+16
-51.0,177.0,2.3479220163249348e+16
-45.0,-177.0,4.819883964670946e+16
-45.0,-171.0,2.035771479540545e+16
-45.0,-165.0,4.692444648074979e+16
-45.0,-159.0,3.657833122008629e+16
-45.0,-153.0,2.965642087501081e+16
-45.0,-147.0,3.5020357554543924e+16
-45.0,-141.0,2.5218311500759456e+16
-45.0,-135.0,3.938012311962661e+16
-45.0,-129.0,3.652263338667842e+16
-45.0,-123.0,4.3743514109141224e+16
-45.0,-117.0,2.0473999070154444e+16
-45.0,-111.0,4.784214625593663e+16
-45.0,-105.0,3.808946836882669e+16
-45.0,-99.0,4.542783337169802e+16
-45.0,-93.0,4.497360772737642e+16
-45.0,-87.0,3.5830976948467656e+16
-45.0,-81.0,4.875573043321578e+16
-45.0,-75.0,3.6695635611421624e+16
-45.0,-69.0,2.9150885889205204e+16
-45.0,-63.0,2.6103275302132656e+16
-45.0,-57.0,4.1226439725690856e+16
-45.0,-51.0,2.3821479844693908e+16
-45.0,-45.0,4.0646865158079624e+16
-45.0,-39.0,3.725412450920884e+16
-45.0,-33.0,3.0825089631768436e+16
-45.0,-27.0,3.845005115361418e+16
-45.0,-21.0,3.69722451187481e+16
-45.0,-15.0,3.253074996266616e+16
-45.0,-9.0,4.097888731695518e+16
-45.0,-3.0,3.9366813992274184e+16
-45.0,3.0,4.4805658699630024e+16
-45.0,9.0,4.857044451304984e+16
-45.0,15.0,2.661009017666189e+16
-45.0,21.0,3.2119389111806476e+16
-45.0,27.0,4.545516185317496e+16
-45.0,33.0,3.318072316383567e+16
-45.0,39.0,5.216348258350662e+16
-45.0,45.0,3.764654147779662e+16
-45.0,51.0,4.680889506394075e+16
-45.0,57.0,4.515094725902542e+16
-45.0,63.0,2.7778698084518596e+16
-45.0,69.0,4.369442003597326e+16
-45.0,75.0,2.748691646608281e+16
-45.0,81.0,2.953280432144986e+16
-45.0,87.0,3.635827696322979e+16
-45.0,93.0,3.241197139901113e+16
-45.0,99.0,3.163577844847636e+16
-45.0,105.0,2.836441407908731e+16
-45.0,111.0,2.7611260111885308e+16
-45.0,117.0,4.459405295909205e+16
-45.0,123.0,2.817171606552958e+16
-45.0,129.0,4.62837009403153e+16
-45.0,135.0,2.5577206276089444e+16
-45.0,141.0,5.035828619163811e+16
-45.0,147.0,3.046227963387437e+16
-45.0,153.0,3.0802493019122136e+16
-45.0,159.0,3.3042147061402724e+16
-45.0,165.0,2.6472064964462548e+16
-45.0,171.0,5.050857855846854e+16
-45.0,177.0,2.3340950138286916e+16
-39.0,-177.0,4.493657853101486e+16
-39.0,-171.0,3.699982428511552e+16
-39.0,-165.0,3.430316094447912e+16
-39.0,-159.0,2.824588632180796e+16
-39.0,-153.0,4.682113136037038e+16
-39.0,-147.0,3.5066351693788972e+16
-39.0,-141.0,2.2973804484236344e+16
-39.0,-135.0,2.990541852370303e+16
-39.0,-129.0,3.865956363772968e+16
-39.0,-123.0,3.0847751727326336e+16
-39.0,-117.0,3.1577241149439196e+16
-39.0,-111.0,4.577879138267022e+16
-39.0,-105.0,2.4796069182010484e+16
-39.0,-99.0,4.477074689503355e+16
-39.0,-93.0,2.612014438976784e+16
-39.0,-87.0,2.3522019029495824e+16
-39.0,-81.0,3.222824966457018e+16
-39.0,-75.0,3.573349606773077e+16
-39.0,-69.0,2.9340360282206784e+16
-39.0,-63.0,4.17135584121251e+16
-39.0,-57.0,2.734544855343682e+16
-39.0,-51.0,2.649922623538388e+16
-39.0,-45.0,2.936015746607301e+16
-39.0,-39.0,3.3852573362546664e+16
-39.0,-33.0,5.095865572199777e+16
-39.0,-27.0,3.854162119710663e+16
-39.0,-21.0,3.847351245120543e+16
-39.0,-15.0,4.62434661402083e+16
-39.0,-9.0,3.443798549522931e+16
-39.0,-3.0,3.7622001588772e+16
-39.0,3.0,4.646132121332056e+16
-39.0,9.0,3.337975226622309e+16
-39.0,15.0,4.122108812892206e+16
-39.0,21.0,5.183619267522047e+16
-39.0,27.0,4.829225543812537e+16
-39.0,33.0,4.1282333868543656e+16
-39.0,39.0,3.723349142534434e+16
-39.0,45.0,3.280089599795661e+16
-39.0,51.0,3.781676886882103e+16
-39.0,57.0,2.794989822441073e+16
-39.0,63.0,4.123016348985533e+16
-39.0,69.0,3.9328111167329816e+16
-39.0,75.0,4.69977602698091e+16
-39.0,81.0,3.112097840716239e+16
-39.0,87.0,3.908751506522791e+16
-39.0,93.0,4.9754750025380664e+16
-39.0,99.0,2.4944090429238696e+16
-39.0,105.0,4.841554298375599e+16
-39.0,111.0,2.3983714475139936e+16
-39.0,117.0,2.882249436040052e+16
-39.0,123.0,3.2061753983700424e+16
-39.0,129.0,4.620695294172085e+16
-39.0,135.0,4.4324844431576056e+16
-39.0,141.0,2.9209941018237636e+16
-39.0,147.0,3.9928665553254e+16
-39.0,153.0,4.6566795423885576e+16
-39.0,159.0,3.4634675454294156e+16
-39.0,165.0,4.2895453245800744e+16
-39.0,171.0,4.557319283949322e+16
-39.0,177.0,4.730314135221209e+16
-33.0,-177.0,2.763185732513425e+16
-33.0,-171.0,5.031050684434087e+16
-33.0,-165.0,4.798808362853243e+16
-33.0,-159.0,3.784925509200467e+16
-33.0,-153.0,3.144671023290791e+16
-33.0,-147.0,3.997008824969213e+16
-33.0,-141.0,2.3312868886835644e+16
-33.0,-135.0,2.772252674604732e+16
-33.0,-129.0,4.8294872099571176e+16
-33.0,-123.0,3.7156111826630616e+16
-33.0,-117.0,3.3095881084586144e+16
-33.0,-111.0,3.075863144489033e+16
-33.0,-105.0,4.020909997750446e+16
-33.0,-99.0,2.4524616002740236e+16
-33.0,-93.0,2.452682515689525e+16
-33.0,-87.0,3.778030469087058e+16
-33.0,-81.0,3.744948493101784e+16
-33.0,-75.0,2.9652083607427e+16
-33.0,-69.0,2.1136133063415716e+16
-33.0,-63.0,4.866537715319788e+16
-33.0,-57.0,5.195084521904732e+16
-33.0,-51.0,2.413129259712171e+16
-33.0,-45.0,2.8119730537499384e+16
-33.0,-39.0,5.169964994836857e+16
-33.0,-33.0,2.639180429014954e+16
-33.0,-27.0,3.2108554598815816e+16
-33.0,-21.0,4.502099615953677e+16
-33.0,-15.0,4.8275117763702376e+16
-33.0,-9.0,4.537770977713288e+16
-33.0,-3.0,4.5601678086952824e+16
-33.0,3.0,3.971397627887922e+16
-33.0,9.0,3.0260177179736828e+16
-33.0,15.0,2.546500805007656e+16
-33.0,21.0,3.995413246762604e+16
-33.0,27.0,3.5510992524883636e+16
-33.0,33.0,2.2337663580615844e+16
-33.0,39.0,3.5533526606295812e+16
-33.0,45.0,3.6987085947522904e+16
-33.0,51.0,2.705354547991565e+16
-33.0,57.0,4.687407805697601e+16
-33.0,63.0,2.484161226176126e+16
-33.0,69.0,4.622754602504458e+16
-33.0,75.0,2.3996227455829324e+16
-33.0,81.0,4.259296143141532e+16
-33.0,87.0,2.951411565279813e+16
-33.0,93.0,3.419437425874796e+16
-33.0,99.0,3.2262454986581516e+16
-33.0,105.0,4.499582535085344e+16
-33.0,111.0,5.200605150696415e+16
-33.0,117.0,3.2511649421790456e+16
-33.0,123.0,4.528939528083067e+16
-33.0,129.0,4.605033405359777e+16
-33.0,135.0,4.53458864099371e+16
-33.0,141.0,4.301110077789372e+16
-33.0,147.0,5.192396137121166e+16
-33.0,153.0,2.418879866912719e+16
-33.0,159.0,5.0808983226900984e+16
-33.0,165.0,3.5025508001461596e+16
-33.0,171.0,2.9301122093456864e+16
-33.0,177.0,4.253232209333179e+16
-27.0,-177.0,3.879927808375144e+16
-27.0,-171.0,4.912981749043108e+16
-27.0,-165.0,4.985994099299424e+16
-27.0,-159.0,5.033475198326826e+16
-27.0,-153.0,2.5530732229537656e+16
-27.0,-147.0,4.418612255781523e+16
-27.0,-141.0,4.828082799232175e+16
-27.0,-135.0,3.3694147232774504e+16
-27.0,-129.0,4.886416999752237e+16
-27.0,-123.0,2.329177277221772e+16
-27.0,-117.0,5.216495915681398e+16
-27.0,-111.0,3.48168666676977e+16
-27.0,-105.0,3.6465097964836504e+16
-27.0,-99.0,3.645806310587691e+16
-27.0,-93.0,4.190303805529815e+16
-27.0,-87.0,4.686875531388012e+16
-27.0,-81.0,5.172285614592921e+16
-27.0,-75.0,2.7960365692442096e+16
-27.0,-69.0,4.261594464582094e+16
-27.0,-63.0,2.945028301998297e+16
-27.0,-57.0,2.5657173242066732e+16
-27.0,-51.0,3.847242916041564e+16
-27.0,-45.0,3.0625317608741384e+16
-27.0,-39.0,3.1905400336152696e+16
-27.0,-33.0,4.500750319830191e+16
-27.0,-27.0,5.135968450263977e+16
-27.0,-21.0,4.865451426789722e+16
-27.0,-15.0,4.274055843833538e+16
-27.0,-9.0,5.083139922726969e+16
-27.0,-3.0,3.5668774634514956e+16
-27.0,3.0,2.12791892125863e+16
-27.0,9.0,2.5561813122337816e+16
-27.0,15.0,2.507853786471199e+16
-27.0,21.0,5.109971726328483e+16
-27.0,27.0,2.800038439795195e+16
-27.0,33.0,4.2122776848384904e+16
-27.0,39.0,4.131585372005292e+16
-27.0,45.0,3.2550236653536504e+16
-27.0,51.0,4.5814423452387576e+16
-27.0,57.0,4.3081197085708344e+16
-27.0,63.0,4.6158165900122024e+16
-27.0,69.0,3.103714117384776e+16
-27.0,75.0,5.125736181367178e+16
-27.0,81.0,2.278675311672235e+16
-27.0,87.0,2.6784174478294136e+16
-27.0,93.0,3.3146054442198348e+16
-27.0,99.0,4.3851629664886424e+16
-27.0,105.0,2.8400387445646476e+16
-27.0,111.0,2.989426314708561e+16
-27.0,117.0,4.756226361358047e+16
-27.0,123.0,3.0585117096464036e+16
-27.0,129.0,3.656229801237741e+16
-27.0,135.0,4.467981444994001e+16
-27.0,141.0,3.296614096036419e+16
-27.0,147.0,3.685358265241161e+16
-27.0,153.0,4.122832899087947e+16
-27.0,159.0,2.7134678843323696e+16
-27.0,165.0,2.734652084639791e+16
-27.0,171.0,3.4309261795198124e+16
-27.0,177.0,4.525332062800971e+16
-21.0,-177.0,4.91411503624204e+16
-21.0,-171.0,3.787065820155184e+16
-21.0,-165.0,2.864956877004999e+16
-21.0,-159.0,2.512721672195961e+16
-21.0,-153.0,3.985327394880945e+16
-21.0,-147.0,2.443661545982977e+16
-21.0,-141.0,3.00278568075828e+16
-21.0,-135.0,2.519786934560717e+16
-21.0,-129.0,2.7606277235974996e+16
-21.0,-123.0,3.896376148097338e+16
-21.0,-117.0,3.643129342516103e+16
-21.0,-111.0,4.07799658853655e+16
-21.0,-105.0,2.9654652794854164e+16
-21.0,-99.0,3.0868923612362268e+16
-21.0,-93.0,2.9456713811016504e+16
-21.0,-87.0,3.4005707558741788e+16
-21.0,-81.0,4.809397305813868e+16
-21.0,-75.0,2.329316238502762e+16
-21.0,-69.0,2.9791939497160856e+16
-21.0,-63.0,2.779875573426089e+16
-21.0,-57.0,3.2128204169657064e+16
-21.0,-51.0,2.5279811865626092e+16
-21.0,-45.0,4.729448671716864e+16
-21.0,-39.0,3.623582508018169e+16
-21.0,-33.0,2.5340560445243536e+16
-21.0,-27.0,4.9942096395122104e+16
-21.0,-21.0,4.29964359505116e+16
-21.0,-15.0,5.03924591117848e+16
-21.0,-9.0,3.258531749633063e+16
-21.0,-3.0,2.1043252973686104e+16
-21.0,3.0,4.799746059696277e+16
-21.0,9.0,5.162822681788057e+16
-21.0,15.0,2.2133116989913812e+16
-21.0,21.0,5.172475546586689e+16
-21.0,27.0,4.172123739728854e+16
-21.0,33.0,4.091223580950899e+16
-21.0,39.0,4.287727061739291e+16
-21.0,45.0,3.130382530696918e+16
-21.0,51.0,4.841070170164207e+16
-21.0,57.0,3.134030921556245e+16
-21.0,63.0,3.4170172478075772e+16
-21.0,69.0,3.6074212970957624e+16
-21.0,75.0,4.055718600289228e+16
-21.0,81.0,2.985337667581349e+16
-21.0,87.0,3.889115213418659e+16
-21.0,93.0,2.5061986598386744e+16
-21.0,99.0,2.632334417599791e+16
-21.0,105.0,5.1204956170267656e+16
-21.0,111.0,2.9501979314800624e+16
-21.0,117.0,2.7443313793040908e+16
-21.0,123.0,2.5239462376332504e+16
-21.0,129.0,2.1794851783765892e+16
-21.0,135.0,4.903459066147853e+16
-21.0,141.0,4.535431221028278e+16
-21.0,147.0,3.382434032217865e+16
-21.0,153.0,2.6121038056315784e+16
-21.0,159.0,5.030636285664355e+16
-21.0,165.0,4.553606181716098e+16
-21.0,171.0,2.566174105876208e+16
-21.0,177.0,5.177188038909891e+16
-15.0,-177.0,4.676859902956354e+16
-15.0,-171.0,2.5269807879868216e+16
-15.0,-165.0,2.1646368265385936e+16
-15.0,-159.0,3.586375901074052e+16
-15.0,-153.0,4.011993802595694e+16
-15.0,-147.0,3.997702479211902e+16
-15.0,-141.0,4.231223972168611e+16
-15.0,-135.0,4.737053806705383e+16
-15.0,-129.0,4.923488491411234e+16
-15.0,-123.0,3.119092714568864e+16
-15.0,-117.0,3.3320765772437056e+16
-15.0,-111.0,2.555837267959733e+16
-15.0,-105.0,2.823572881477359e+16
-15.0,-99.0,2.970098353794161e+16
-15.0,-93.0,4.285496355984046e+16
-15.0,-87.0,4.140375809555052e+16
-15.0,-81.0,2.9554883301896108e+16
-15.0,-75.0,3.9166369369651656e+16
-15.0,-69.0,4.952919963026841e+16
-15.0,-63.0,4.519714828779416e+16
-15.0,-57.0,3.13011341830267e+16
-15.0,-51.0,2.562410485650243e+16
-15.0,-45.0,3.482050579353182e+16
-15.0,-39.0,2.516796111261693e+16
-15.0,-33.0,2.391310529177164e+16
-15.0,-27.0,4.157122827129841e+16
-15.0,-21.0,3.421108118849721e+16
-15.0,-15.0,3.362693801528381e+16
-15.0,-9.0,3.968241545549717e+16
-15.0,-3.0,2.3364348381782132e+16
-15.0,3.0,4.911785474348962e+16
-15.0,9.0,4.440878571821552e+16
-15.0,15.0,3.366951863439546e+16
-15.0,21.0,4.514871340636613e+16
-15.0,27.0,5.118176983654617e+16
-15.0,33.0,2.9092096500832696e+16
-15.0,39.0,4.3555052913494584e+16
-15.0,45.0,4.406019562373681e+16
-15.0,51.0,3.586275314590204e+16
-15.0,57.0,3.459142912702579e+16
-15.0,63.0,3.210740222277331e+16
-15.0,69.0,4.944889631134516e+16
-15.0,75.0,5.1832877275517096e+16
-15.0,81.0,2.6506469532226944e+16
-15.0,87.0,3.4987691425996024e+16
-15.0,93.0,4.6077691363589096e+16
-15.0,99.0,4.146759307344097e+16
-15.0,105.0,3.994703810467373e+16
-15.0,111.0,4.375417734185853e+16
-15.0,117.0,5.052790023211854e+16
-15.0,123.0,3.5416604748157616e+16
-15.0,129.0,4.267272893837027e+16
-15.0,135.0,3.911992432329463e+16
-15.0,141.0,4.4657507902739336e+16
-15.0,147.0,2.9400978173789464e+16
-15.0,153.0,3.061310060399815e+16
-15.0,159.0,2.7116897729386456e+16
-15.0,165.0,2.6248241690935372e+16
-15.0,171.0,4.001485975510649e+16
-15.0,177.0,3.190182385028246e+16
-9.0,-177.0,3.785693501758129e+16
-9.0,-171.0,4.704327705709846e+16
-9.0,-165.0,2.6545217205422748e+16
-9.0,-159.0,4.714193012846999e+16
-9.0,-153.0,3.270602139042813e+16
-9.0,-147.0,3.730406861462542e+16
-9.0,-141.0,2.239938372566632e+16
-9.0,-135.0,2.6122785649210064e+16
-9.0,-129.0,3.052793304456565e+16
-9.0,-123.0,3.078708214848877e+16
-9.0,-117.0,2.365848094308972e+16
-9.0,-111.0,3.493860257886448e+16
-9.0,-105.0,3.3597182629849188e+16
-9.0,-99.0,3.5542901317457964e+16
-9.0,-93.0,4.154237927437814e+16
-9.0,-87.0,3.658332763885509e+16
-9.0,-81.0,4.288060208890192e+16
-9.0,-75.0,2.436868762986029e+16
-9.0,-69.0,2.5677792495682136e+16
-9.0,-63.0,4.9034487335696296e+16
-9.0,-57.0,4.493182515013157e+16
-9.0,-51.0,4.5300922573472856e+16
-9.0,-45.0,2.4610594053431836e+16
-9.0,-39.0,4.750258890981043e+16
-9.0,-33.0,5.188788202044747e+16
-9.0,-27.0,2.0694807353179164e+16
-9.0,-21.0,5.0984726434201976e+16
-9.0,-15.0,3.050313928806694e+16
-9.0,-9.0,4.501429049289791e+16
-9.0,-3.0,4.9457296719459864e+16
-9.0,3.0,4.027218804269361e+16
-9.0,9.0,4.693830539987455e+16
-9.0,15.0,4.554557267566951e+16
-9.0,21.0,2.0778820588227172e+16
-9.0,27.0,3.2984161071585064e+16
-9.0,33.0,4.664754200557951e+16
-9.0,39.0,4.21874811760232e+16
-9.0,45.0,4.432524075412953e+16
-9.0,51.0,2.833351875288036e+16
-9.0,57.0,3.601944162730035e+16
-9.0,63.0,3.1676269458623704e+16
-9.0,69.0,3.751565595425642e+16
-9.0,75.0,4.717741079897796e+16
-9.0,81.0,3.805994381493255e+16
-9.0,87.0,3.769392907485272e+16
-9.0,93.0,3.3539663883323716e+16
-9.0,99.0,4.6745080999838456e+16
-9.0,105.0,4.1293097254152216e+16
-9.0,111.0,2.2500248757060732e+16
-9.0,117.0,4.573761757257379e+16
-9.0,123.0,4.942224778881519e+16
-9.0,129.0,2.400684492769063e+16
-9.0,135.0,4.158640866778356e+16
-9.0,141.0,2.659162274142677e+16
-9.0,147.0,4.722737465125382e+16
-9.0,153.0,5.109580981043885e+16
-9.0,159.0,4.230091764521941e+16
-9.0,165.0,4.922574806157898e+16
-9.0,171.0,4.231992038348066e+16
-9.0,177.0,2.4025637039955364e+16
-3.0,-177.0,2.819726320176956e+16
-3.0,-171.0,3.7826351284334056e+16
-3.0,-165.0,3.643945709621608e+16
-3.0,-159.0,4.373205112622359e+16
-3.0,-153.0,2.3393830711621904e+16
-3.0,-147.0,2.6526392362344628e+16
-3.0,-141.0,4.5806314980647016e+16
-3.0,-135.0,2.80949305619404e+16
-3.0,-129.0,3.977421095074664e+16
-3.0,-123.0,4.642542876072377e+16
-3.0,-117.0,2.216127498138443e+16
-3.0,-111.0,4.204115133779575e+16
-3.0,-105.0,4.7268477394958296e+16
-3.0,-99.0,4.927241210646989e+16
-3.0,-93.0,4.894557387800127e+16
-3.0,-87.0,4.784892506300539e+16
-3.0,-81.0,3.894199790483008e+16
-3.0,-75.0,4.280238594172998e+16
-3.0,-69.0,3.0930136190251572e+16
-3.0,-63.0,2.4221271470607104e+16
-3.0,-57.0,2.7693477599708196e+16
-3.0,-51.0,2.607881173739611e+16
-3.0,-45.0,4.043528742431336e+16
-3.0,-39.0,4.2285385322362584e+16
-3.0,-33.0,2.257603186356241e+16
-3.0,-27.0,2.745366777164015e+16
-3.0,-21.0,4.596893430688936e+16
-3.0,-15.0,2.686571859472998e+16
-3.0,-9.0,2.767817793215142e+16
-3.0,-3.0,3.1209653182048012e+16
-3.0,3.0,4.6808242569723256e+16
-3.0,9.0,3.1698871231865656e+16
-3.0,15.0,2.5124487516159036e+16
-3.0,21.0,2.463117811884553e+16
-3.0,27.0,2.274455044571051e+16
-3.0,33.0,4.7118157066788904e+16
-3.0,39.0,5.187726432289909e+16
-3.0,45.0,2.6681770306111036e+16
-3.0,51.0,5.1869307122285384e+16
-3.0,57.0,3.875898933779965e+16
-3.0,63.0,3.644659680785235e+16
-3.0,69.0,4.456773477352765e+16
-3.0,75.0,3.666191398712971e+16
-3.0,81.0,4.127012258464403e+16
-3.0,87.0,2.5506324725505816e+16
-3.0,93.0,3.1437109867916224e+16
-3.0,99.0,3.5354311372520028e+16
-3.0,105.0,3.684597764499732e+16
-3.0,111.0,3.837744880784631e+16
-3.0,117.0,2.0933858625595148e+16
-3.0,123.0,2.292818445861502e+16
-3.0,129.0,4.583002131203606e+16
-3.0,135.0,2.3971525649784684e+16
-3.0,141.0,4.2096107991264e+16
-3.0,147.0,4.500338362717075e+16
-3.0,153.0,2.691516576031038e+16
-3.0,159.0,3.2250949211942108e+16
-3.0,165.0,4.2520184496172504e+16
-3.0,171.0,3.523696346376377e+16
-3.0,177.0,3.652281795123954e+16
3.0,-177.0,4.3124352985247224e+16
3.0,-171.0,2.8553814176029976e+16
3.0,-165.0,2.845487351399971e+16
3.0,-159.0,4.462363600743096e+16
3.0,-153.0,5.040342571030256e+16
3.0,-147.0,3.28304046948859e+16
3.0,-141.0,5.080756029056993e+16
3.0,-135.0,3.4696476779683056e+16
3.0,-129.0,4.3794103568236216e+16
3.0,-123.0,3.3632598323324496e+16
3.0,-117.0,5.1433435621088856e+16
3.0,-111.0,4.4657963695025784e+16
3.0,-105.0,4.3519224268690344e+16
3.0,-99.0,4.67813498313779e+16
3.0,-93.0,2.3104186178018856e+16
3.0,-87.0,2.507240386410307e+16
3.0,-81.0,3.381220331735557e+16
3.0,-75.0,2.630634720290907e+16
3.0,-69.0,3.761950238022689e+16
3.0,-63.0,3.9577653923323384e+16
3.0,-57.0,3.348941529007143e+16
3.0,-51.0,2.921584649637484e+16
3.0,-45.0,3.423151077228595e+16
3.0,-39.0,3.65654720893477e+16
3.0,-33.0,3.3805809886498664e+16
3.0,-27.0,3.9500382842952696e+16
3.0,-21.0,3.2776884322814804e+16
3.0,-15.0,3.816044164317254e+16
3.0,-9.0,3.347211250072327e+16
3.0,-3.0,4.147784696111693e+16
3.0,3.0,3.2318256414545224e+16
3.0,9.0,4.141527965225331e+16
3.0,15.0,3.919341106155334e+16
3.0,21.0,2.221462904722378e+16
3.0,27.0,3.5211511265591316e+16
3.0,33.0,4.376139619646663e+16
3.0,39.0,4.0139754846952104e+16
3.0,45.0,4.735252795883452e+16
3.0,51.0,2.206784751965636e+16
3.0,57.0,2.3458198607903056e+16
3.0,63.0,3.631844077417279e+16
3.0,69.0,5.1491823748371256e+16
3.0,75.0,4.034234931065411e+16
3.0,81.0,2.580559293547491e+16
3.0,87.0,3.479338231488559e+16
3.0,93.0,4.735177758399274e+16
3.0,99.0,4.344556456239769e+16
3.0,105.0,3.94395059123974e+16
3.0,111.0,2.6708477050780828e+16
3.0,117.0,4.8506372935818744e+16
3.0,123.0,2.346180977492092e+16
3.0,129.0,4.7802413721737464e+16
3.0,135.0,2.267848045836031e+16
3.0,141.0,3.801348658741574e+16
3.0,147.0,3.3116112245726344e+16
3.0,153.0,3.799598899898324e+16
3.0,159.0,5.14793200592046e+16
3.0,165.0,2.5992094059890556e+16
3.0,171.0,4.348599314729802e+16
3.0,177.0,3.1042603533224036e+16
9.0,-177.0,3.4908977156752576e+16
9.0,-171.0,3.5545280929629784e+16
9.0,-165.0,4.795782706882329e+16
9.0,-159.0,2.9279881284847676e+16
9.0,-153.0,3.215151060435303e+16
9.0,-147.0,4.320032150530545e+16
9.0,-141.0,3.5660114135978124e+16
9.0,-135.0,3.69305565357137e+16
9.0,-129.0,3.068635642313746e+16
9.0,-123.0,3.457447331074086e+16
9.0,-117.0,3.0218441013031656e+16
9.0,-111.0,5.177333570233628e+16
9.0,-105.0,3.863221944863606e+16
9.0,-99.0,5.0101077361811736e+16
9.0,-93.0,3.975103976371002e+16
9.0,-87.0,4.672756388799681e+16
9.0,-81.0,3.301695852968995e+16
9.0,-75.0,3.4869614600895416e+16
9.0,-69.0,4.393296226999991e+16
9.0,-63.0,5.07149331366551e+16
9.0,-57.0,4.259353117426197e+16
9.0,-51.0,3.958117248181534e+16
9.0,-45.0,2.683217644467022e+16
9.0,-39.0,4.076860616783623e+16
9.0,-33.0,2.4575898109410144e+16
9.0,-27.0,4.7039387401829496e+16
9.0,-21.0,2.502176524830572e+16
9.0,-15.0,4.0851307619053464e+16
9.0,-9.0,4.370329355876586e+16
9.0,-3.0,2.97821364712062e+16
9.0,3.0,4.543114698457173e+16
9.0,9.0,2.1469616143737864e+16
9.0,15.0,4.102882352616831e+16
9.0,21.0,3.9018297088536456e+16
9.0,27.0,4.055248480432569e+16
9.0,33.0,2.307812629459052e+16
9.0,39.0,2.5428120778724776e+16
9.0,45.0,2.595720477232345e+16
9.0,51.0,3.560362068136052e+16
9.0,57.0,3.1361969396818092e+16
9.0,63.0,2.2702754645008604e+16
9.0,69.0,3.5784739759687972e+16
9.0,75.0,4.6445377418036936e+16
9.0,81.0,3.256967788719327e+16
9.0,87.0,2.234763724252692e+16
9.0,93.0,3.5398665404865016e+16
9.0,99.0,2.7337684518395924e+16
9.0,105.0,4.31331977757882e+16
9.0,111.0,3.175604476953919e+16
9.0,117.0,3.004297641267543e+16
9.0,123.0,3.8451634806097384e+16
9.0,129.0,2.989312752077292e+16
9.0,135.0,4.330190305494623e+16
9.0,141.0,2.2588079537374844e+16
9.0,147.0,4.730537729205197e+16
9.0,153.0,4.214445161561858e+16
9.0,159.0,4.8335043781545256e+16
9.0,165.0,2.649278777643905e+16
9.0,171.0,3.7088259875854504e+16
9.0,177.0,4.310265326268458e+16
15.0,-177.0,2.7888685669081496e+16
15.0,-171.0,3.8496554881726616e+16
15.0,-165.0,2.8975524339070468e+16
15.0,-159.0,2.450877078607728e+16
15.0,-153.0,3.9147528760684936e+16
15.0,-147.0,4.532110405540303e+16
15.0,-141.0,2.567185896371029e+16
15.0,-135.0,5.077521524294146e+16
15.0,-129.0,4.942140160110917e+16
15.0,-123.0,2.5100104804271092e+16
15.0,-117.0,3.23391263689616e+16
15.0,-111.0,3.440233838267785e+16
15.0,-105.0,2.787391469645465e+16
15.0,-99.0,3.60696072806547e+16
15.0,-93.0,3.083168816831106e+16
15.0,-87.0,4.105401393303115e+16
15.0,-81.0,3.531273793250151e+16
15.0,-75.0,4.906991811225938e+16
15.0,-69.0,2.7878471125478852e+16
15.0,-63.0,3.0424992174270796e+16
15.0,-57.0,3.731351885621286e+16
15.0,-51.0,2.6490708314297716e+16
15.0,-45.0,5.043520702647182e+16
15.0,-39.0,4.3508090884914616e+16
15.0,-33.0,3.036000237920982e+16
15.0,-27.0,2.9086874955131056e+16
15.0,-21.0,4.325833253906573e+16
15.0,-15.0,3.661132209997136e+16
15.0,-9.0,5.101788953489112e+16
15.0,-3.0,2.6534748895907596e+16
15.0,3.0,3.774208686886991e+16
15.0,9.0,3.1927818055684616e+16
15.0,15.0,3.572142386249992e+16
15.0,21.0,4.3229277063254936e+16
15.0,27.0,4.986283111513011e+16
15.0,33.0,2.5153624728785e+16
15.0,39.0,3.9591724569519384e+16
15.0,45.0,5.1583184624586584e+16
15.0,51.0,3.153232298738179e+16
15.0,57.0,2.5657714164457124e+16
15.0,63.0,4.915297539711531e+16
15.0,69.0,5.175070155563206e+16
15.0,75.0,5.1157393096865336e+16
15.0,81.0,3.082795554911412e+16
15.0,87.0,4.801225280588395e+16
15.0,93.0,2.627075538429915e+16
15.0,99.0,4.429460832176191e+16
15.0,105.0,3.742796983523744e+16
15.0,111.0,5.216190764924435e+16
15.0,117.0,3.1169391640093576e+16
15.0,123.0,4.1237269187104104e+16
15.0,129.0,3.3736575730569332e+16
15.0,135.0,2.971364719891196e+16
15.0,141.0,3.900113195079976e+16
15.0,147.0,4.801956070702562e+16
15.0,153.0,3.579502575250499e+16
15.0,159.0,3.314597230239191e+16
15.0,165.0,3.2460059649572584e+16
15.0,171.0,4.609219518736242e+16
15.0,177.0,3.2709861142064456e+16
21.0,-177.0,4.1111527338113816e+16
21.0,-171.0,4.694919982476345e+16
21.0,-165.0,2.632728011856958e+16
21.0,-159.0,3.295092379817483e+16
21.0,-153.0,3.870687329102715e+16
21.0,-147.0,3.101415312180179e+16
21.0,-141.0,2.4520908295419052e+16
21.0,-135.0,4.944654877238575e+16
21.0,-129.0,2.5808378722116804e+16
21.0,-123.0,2.8185070788092024e+16
21.0,-117.0,2.364304247367956e+16
21.0,-111.0,2.495198872126713e+16
21.0,-105.0,5.007879681138696e+16
21.0,-99.0,3.64092839672263e+16
21.0,-93.0,4.164546418261466e+16
21.0,-87.0,2.9704636891952332e+16
21.0,-81.0,4.071376474562375e+16
21.0,-75.0,4.5519651196853544e+16
21.0,-69.0,2.8430032788659132e+16
21.0,-63.0,3.21693913673834e+16
21.0,-57.0,4.868761565848516e+16
21.0,-51.0,4.307597215682982e+16
21.0,-45.0,4.512212431904187e+16
21.0,-39.0,4.4187305342858056e+16
21.0,-33.0,5.161358352387546e+16
21.0,-27.0,4.060454350121712e+16
21.0,-21.0,4.4988190718693016e+16
21.0,-15.0,3.516963234827551e+16
21.0,-9.0,3.3676876350654256e+16
21.0,-3.0,3.6042994739681384e+16
21.0,3.0,5.051590813582291e+16
21.0,9.0,5.182990213729336e+16
21.0,15.0,2.371900608725797e+16
21.0,21.0,2.9467067079346376e+16
21.0,27.0,3.5422209663733956e+16
21.0,33.0,4.650824577841582e+16
21.0,39.0,2.3750817154777496e+16
21.0,45.0,2.344644821823904e+16
21.0,51.0,5.0069175062828856e+16
21.0,57.0,2.9241132246441212e+16
21.0,63.0,5.107604854551679e+16
21.0,69.0,3.7709569973665256e+16
21.0,75.0,4.975678341395059e+16
21.0,81.0,4.079118513009858e+16
21.0,87.0,2.558146476086784e+16
21.0,93.0,5.1633456101343416e+16
21.0,99.0,3.1180260328898384e+16
21.0,105.0,3.1967054012547868e+16
21.0,111.0,3.7552914723771064e+16
21.0,117.0,2.3875633329521892e+16
21.0,123.0,5.0802859960031944e+16
21.0,129.0,3.0734384393117776e+16
21.0,135.0,4.362173840976984e+16
21.0,141.0,5.059139371980884e+16
21.0,147.0,4.116311209305678e+16
21.0,153.0,2.7331815401063564e+16
21.0,159.0,4.707401264928389e+16
21.0,165.0,3.4388076071431e+16
21.0,171.0,2.9684660279257708e+16
21.0,177.0,3.995550963051948e+16
27.0,-177.0,2.9247898342436284e+16
27.0,-171.0,4.020900201646893e+16
27.0,-165.0,2.9313830637912824e+16
27.0,-159.0,3.3162829071534864e+16
27.0,-153.0,4.223320882023418e+16
27.0,-147.0,3.5956799077164064e+16
27.0,-141.0,4.447469007308468e+16
27.0,-135.0,4.317189653196214e+16
27.0,-129.0,3.562955513667353e+16
27.0,-123.0,3.36028893670252e+16
27.0,-117.0,4.625846030258358e+16
27.0,-111.0,2.5323008950049884e+16
27.0,-105.0,3.5399170840064572e+16
27.0,-99.0,4.820561281976595e+16
27.0,-93.0,2.5352950167353484e+16
27.0,-87.0,3.592630326933515e+16
27.0,-81.0,3.5749607764464784e+16
27.0,-75.0,4.469683909620163e+16
27.0,-69.0,2.896461410777862e+16
27.0,-63.0,2.8461740273381076e+16
27.0,-57.0,2.5989760792931756e+16
27.0,-51.0,3.4038389695417176e+16
27.0,-45.0,3.106808273856017e+16
27.0,-39.0,3.23974921806002e+16
27.0,-33.0,3.79524329541746e+16
27.0,-27.0,3.1499933479817224e+16
27.0,-21.0,5.2093571216391144e+16
27.0,-15.0,2.326708568477845e+16
27.0,-9.0,3.3724102927484884e+16
27.0,-3.0,4.909600464617114e+16
27.0,3.0,2.725390799583392e+16
27.0,9.0,4.001022318458622e+16
27.0,15.0,3.225136338858289e+16
27.0,21.0,2.8325924035716924e+16
27.0,27.0,3.9960503058818424e+16
27.0,33.0,2.67578303382757e+16
27.0,39.0,2.8180678801497184e+16
27.0,45.0,3.134859385101664e+16
27.0,51.0,5.0719577046487256e+16
27.0,57.0,2.130697346199905e+16
27.0,63.0,4.57860631945113e+16
27.0,69.0,4.8482132489332376e+16
27.0,75.0,3.8542549114522296e+16
27.0,81.0,3.418690577144415e+16
27.0,87.0,3.05086180975937e+16
27.0,93.0,3.5271995681807308e+16
27.0,99.0,2.5339369118329188e+16
27.0,105.0,4.172985281333715e+16
27.0,111.0,3.5837659738322732e+16
27.0,117.0,2.8269923468978676e+16
27.0,123.0,4.8154424250145944e+16
27.0,129.0,4.2902660873927416e+16
27.0,135.0,4.464401809036636e+16
27.0,141.0,2.4291979045176416e+16
27.0,147.0,3.936175201881126e+16
27.0,153.0,3.5569965753117936e+16
27.0,159.0,3.784237831002644e+16
27.0,165.0,2.478421969810993e+16
27.0,171.0,4.424939107786761e+16
27.0,177.0,5.150349942532717e+16
33.0,-177.0,5.01568147477718e+16
33.0,-171.0,3.295178996593495e+16
33.0,-165.0,3.9484463915654904e+16
33.0,-159.0,2.7119206663743204e+16
33.0,-153.0,3.135534067113318e+16
33.0,-147.0,3.610808653298726e+16
33.0,-141.0,2.9329079852276136e+16
33.0,-135.0,3.4740122664720396e+16
33.0,-129.0,4.795344924317006e+16
33.0,-123.0,3.0373503284135504e+16
33.0,-117.0,5.063881511980118e+16
33.0,-111.0,3.1885669079080836e+16
33.0,-105.0,3.69079638780243e+16
33.0,-99.0,3.221112089926834e+16
33.0,-93.0,2.899405883640053e+16
33.0,-87.0,5.072483056418153e+16
33.0,-81.0,4.521429987334012e+16
33.0,-75.0,2.7794410202612476e+16
33.0,-69.0,3.8371238832462824e+16
33.0,-63.0,4.226228198975638e+16
33.0,-57.0,3.5842804852121456e+16
33.0,-51.0,2.2852485529308384e+16
33.0,-45.0,2.3191338885413096e+16
33.0,-39.0,4.878939283166105e+16
33.0,-33.0,2.8368072460108092e+16
33.0,-27.0,4.611925001113816e+16
33.0,-21.0,2.2552746668065484e+16
33.0,-15.0,4.3344506368154344e+16
33.0,-9.0,4.383758006619212e+16
33.0,-3.0,5.166673420623337e+16
33.0,3.0,4.919519130129691e+16
33.0,9.0,4.938244753695469e+16
33.0,15.0,2.83437424291577e+16
33.0,21.0,3.3118102562305376e+16
33.0,27.0,4.419300971062134e+16
33.0,33.0,5.003307873472651e+16
33.0,39.0,2.4731660560714196e+16
33.0,45.0,4.133767256991575e+16
33.0,51.0,3.314221000000831e+16
33.0,57.0,3.857713168522188e+16
33.0,63.0,3.2056895407074256e+16
33.0,69.0,2.7481942324276972e+16
33.0,75.0,2.7639288491651056e+16
33.0,81.0,2.962452192981541e+16
33.0,87.0,3.5830910436412468e+16
33.0,93.0,3.848423980117332e+16
33.0,99.0,4.010271813201451e+16
33.0,105.0,2.7057028259773276e+16
33.0,111.0,3.5013092769355972e+16
33.0,117.0,3.5531917659004508e+16
33.0,123.0,3.8579775896137976e+16
33.0,129.0,3.349106396361026e+16
33.0,135.0,3.0835074033363584e+16
33.0,141.0,3.4997748557414016e+16
33.0,147.0,2.634812100284946e+16
33.0,153.0,2.347133133237897e+16
33.0,159.0,3.902622951228637e+16
33.0,165.0,4.790712426292646e+16
33.0,171.0,2.705266966741484e+16
33.0,177.0,4.6711939689869016e+16
39.0,-177.0,3.1695029912082056e+16
39.0,-171.0,4.114181559752254e+16
39.0,-165.0,3.3915390061723188e+16
39.0,-159.0,4.393051327531668e+16
39.0,-153.0,2.7674807241882884e+16
39.0,-147.0,2.6021029398132564e+16
39.0,-141.0,2.550437631734596e+16
39.0,-135.0,3.965514203843238e+16
39.0,-129.0,3.99082199912626e+16
39.0,-123.0,3.018133722294617e+16
39.0,-117.0,2.415577573605556e+16
39.0,-111.0,3.2321282575129644e+16
39.0,-105.0,2.9321946683760344e+16
39.0,-99.0,4.7601368255626536e+16
39.0,-93.0,4.418751440416989e+16
39.0,-87.0,3.133786239968331e+16
39.0,-81.0,4.34635893611021e+16
39.0,-75.0,4.7323671136859704e+16
39.0,-69.0,4.54757471053766e+16
39.0,-63.0,3.0474029818172916e+16
39.0,-57.0,3.919754458653971e+16
39.0,-51.0,4.377243228455417e+16
39.0,-45.0,4.9791732896346616e+16
39.0,-39.0,4.046790913120467e+16
39.0,-33.0,5.090682202447158e+16
39.0,-27.0,4.964293327803757e+16
39.0,-21.0,4.296264472377683e+16
39.0,-15.0,4.382970261714356e+16
39.0,-9.0,3.914062066836316e+16
39.0,-3.0,2.4755620163471504e+16
39.0,3.0,3.842121876700216e+16
39.0,9.0,4.040801886185265e+16
39.0,15.0,3.296713315104043e+16
39.0,21.0,3.4888863762279364e+16
39.0,27.0,2.927891362127859e+16
39.0,33.0,3.72747714876027e+16
39.0,39.0,2.7028543071532972e+16
39.0,45.0,3.752015281594673e+16
39.0,51.0,5.14095845004642e+16
39.0,57.0,4.594789996196895e+16
39.0,63.0,2.5592263894050464e+16
39.0,69.0,3.0623952838550504e+16
39.0,75.0,4.671226198967293e+16
39.0,81.0,3.1140345588823556e+16
39.0,87.0,3.0140197865226104e+16
39.0,93.0,5.031858895481925e+16
39.0,99.0,3.1493010833700724e+16
39.0,105.0,4.350515388606124e+16
39.0,111.0,4.221323475465242e+16
39.0,117.0,2.178285972175015e+16
39.0,123.0,5.215888613143134e+16
39.0,129.0,3.067655091307987e+16
39.0,135.0,2.6582111769451436e+16
39.0,141.0,2.9987676890563696e+16
39.0,147.0,2.852727284238659e+16
39.0,153.0,4.597721570200138e+16
39.0,159.0,3.5619965066897324e+16
39.0,165.0,2.2008902194848596e+16
39.0,171.0,4.156672511605501e+16
39.0,177.0,5.115048186919443e+16
45.0,-177.0,5.025114564678923e+16
45.0,-171.0,4.634233058162957e+16
45.0,-165.0,3.862345411728821e+16
45.0,-159.0,3.2724660028648576e+16
45.0,-153.0,2.3133789591437524e+16
45.0,-147.0,3.934153595765864e+16
45.0,-141.0,4.750553680760932e+16
45.0,-135.0,3.6371076056491064e+16
45.0,-129.0,5.067495725655374e+16
45.0,-123.0,3.096053677971727e+16
45.0,-117.0,2.784035380621908e+16
45.0,-111.0,4.100855654126846e+16
45.0,-105.0,3.362750774965264e+16
45.0,-99.0,3.820931546584485e+16
45.0,-93.0,5.229801924280523e+16
45.0,-87.0,3.2333007798960052e+16
45.0,-81.0,4.679059226183691e+16
45.0,-75.0,3.375343382078051e+16
45.0,-69.0,2.3842107930023876e+16
45.0,-63.0,3.518131458070505e+16
45.0,-57.0,3.1032918935980416e+16
45.0,-51.0,2.2951254572004212e+16
45.0,-45.0,2.461939149592773e+16
45.0,-39.0,3.4160573967246684e+16
45.0,-33.0,2.0649992115087464e+16
45.0,-27.0,4.1603033089569736e+16
45.0,-21.0,4.352685337824952e+16
45.0,-15.0,3.4193053430508052e+16
45.0,-9.0,2.400182023483056e+16
45.0,-3.0,2.3689879935772172e+16
45.0,3.0,4.837416422136478e+16
45.0,9.0,4.918775108123028e+16
45.0,15.0,3.640012547674854e+16
45.0,21.0,4.380475333985053e+16
45.0,27.0,3.917795100418203e+16
45.0,33.0,4.835798060017517e+16
45.0,39.0,3.69519883855404e+16
45.0,45.0,4.027000556223715e+16
45.0,51.0,4.093458387842989e+16
45.0,57.0,3.791219521932922e+16
45.0,63.0,4.089213674816279e+16
45.0,69.0,2.6238146285147236e+16
45.0,75.0,5.0120043758197336e+16
45.0,81.0,3.643524038879486e+16
45.0,87.0,3.4294870431734296e+16
45.0,93.0,3.4194852955024776e+16
45.0,99.0,4.9837000281645736e+16
45.0,105.0,4.99863004937705e+16
45.0,111.0,3.906218472503715e+16
45.0,117.0,3.822451868183902e+16
45.0,123.0,2.79947024943924e+16
45.0,129.0,2.6481499804143444e+16
45.0,135.0,3.2128504090580028e+16
45.0,141.0,4.818921663254243e+16
45.0,147.0,3.908343991334884e+16
45.0,153.0,3.880055601966457e+16
45.0,159.0,2.8977472996358024e+16
45.0,165.0,2.4811514503154056e+16
45.0,171.0,4.007898904655635e+16
45.0,177.0,2.6556598159731804e+16
51.0,-177.0,3.948124808880633e+16
51.0,-171.0,2.923827765398844e+16
51.0,-165.0,4.416979418543618e+16
51.0,-159.0,4.1842634516048504e+16
51.0,-153.0,3.108870355129032e+16
51.0,-147.0,3.60720493495811e+16
51.0,-141.0,4.8412742975138904e+16
51.0,-135.0,2.805712585458544e+16
51.0,-129.0,3.476231128620828e+16
51.0,-123.0,3.704190243387743e+16
51.0,-117.0,3.7624584835925544e+16
51.0,-111.0,4.607100705938587e+16
51.0,-105.0,3.4802484905054188e+16
51.0,-99.0,2.567453348887176e+16
51.0,-93.0,4.0398014279003624e+16
51.0,-87.0,2.572011766867758e+16
51.0,-81.0,4.086829375440606e+16
51.0,-75.0,2.4057311659045636e+16
51.0,-69.0,3.3138310064218784e+16
51.0,-63.0,4.657757219417735e+16
51.0,-57.0,4.511807162286492e+16
51.0,-51.0,2.5583821899245828e+16
51.0,-45.0,4.409258654180748e+16
51.0,-39.0,2.4090734203997308e+16
51.0,-33.0,3.506462267909674e+16
51.0,-27.0,3.565250162579466e+16
51.0,-21.0,3.369285745952585e+16
51.0,-15.0,3.11241359935186e+16
51.0,-9.0,3.3571844398423384e+16
51.0,-3.0,4.054313241308302e+16
51.0,3.0,3.294061935916903e+16
51.0,9.0,4.277356203743056e+16
51.0,15.0,3.742667709313672e+16
51.0,21.0,4.8785510378335784e+16
51.0,27.0,5.125820629317281e+16
51.0,33.0,4.430130623811031e+16
51.0,39.0,3.1504496885496704e+16
51.0,45.0,5.143462477118738e+16
51.0,51.0,2.8408877782730044e+16
51.0,57.0,4.363709477246115e+16
51.0,63.0,3.7154309804072536e+16
51.0,69.0,3.7971649394021016e+16
51.0,75.0,3.4315945287109668e+16
51.0,81.0,2.6073417985983804e+16
51.0,87.0,3.0731664407525268e+16
51.0,93.0,5.001908782483614e+16
51.0,99.0,2.8004231789927156e+16
51.0,105.0,4.7409724416672424e+16
51.0,111.0,4.481651107099376e+16
51.0,117.0,2.893527965186449e+16
51.0,123.0,4.617346807085864e+16
51.0,129.0,3.97117586999812e+16
51.0,135.0,3.7328378078556824e+16
51.0,141.0,3.1244458559763964e+16
51.0,147.0,3.1404250075961268e+16
51.0,153.0,3.873412507082203e+16
51.0,159.0,4.501027178207296e+16
51.0,165.0,4.921556743698063e+16
51.0,171.0,4.78831547124198e+16
51.0,177.0,2.982248242461857e+16
57.0,-177.0,5.171974425056594e+16
57.0,-171.0,2.559390629683411e+16
57.0,-165.0,3.4749321122985416e+16
57.0,-159.0,3.1629962176433492e+16
57.0,-153.0,5.142395383915382e+16
57.0,-147.0,2.574163724145973e+16
57.0,-141.0,4.027177228751291e+16
57.0,-135.0,3.2957629766689804e+16
57.0,-129.0,3.820033679971393e+16
57.0,-123.0,3.1790607523045296e+16
57.0,-117.0,2.850543281290743e+16
57.0,-111.0,3.1881457670557344e+16
57.0,-105.0,2.6745483200507104e+16
57.0,-99.0,2.9692657566894932e+16
57.0,-93.0,5.059298070418177e+16
57.0,-87.0,3.3993338858507256e+16
57.0,-81.0,4.768497807116297e+16
57.0,-75.0,2.1064858211722456e+16
57.0,-69.0,4.9067768989009784e+16
57.0,-63.0,2.3182514683425336e+16
57.0,-57.0,4.093036661740556e+16
57.0,-51.0,3.514644748897581e+16
57.0,-45.0,3.2576666871074176e+16
57.0,-39.0,4.759214122199483e+16
57.0,-33.0,4.135734662822108e+16
57.0,-27.0,4.607597094607412e+16
57.0,-21.0,4.84667304695881e+16
57.0,-15.0,4.563453764198914e+16
57.0,-9.0,3.221296865891831e+16
57.0,-3.0,2.409838784345228e+16
57.0,3.0,2.4944594055250816e+16
57.0,9.0,4.2957755174763384e+16
57.0,15.0,4.088142525618068e+16
57.0,21.0,3.686082964445953e+16
57.0,27.0,2.5926343739858176e+16
57.0,33.0,3.5806015398406116e+16
57.0,39.0,4.512615703070243e+16
57.0,45.0,2.9671690446544744e+16
57.0,51.0,4.897483647263716e+16
57.0,57.0,4.157725306502444e+16
57.0,63.0,3.062389182856527e+16
57.0,69.0,2.7747375428709796e+16
57.0,75.0,2.6026147956198284e+16
57.0,81.0,2.87360150983704e+16
57.0,87.0,3.1749116075674056e+16
57.0,93.0,3.866239532546968e+16
57.0,99.0,3.241053493618779e+16
57.0,105.0,4.549159175502405e+16
57.0,111.0,4.459180320210161e+16
57.0,117.0,5.003626115259717e+16
57.0,123.0,4.155829815426126e+16
57.0,129.0,4.18088838320562e+16
57.0,135.0,2.613548326941425e+16
57.0,141.0,4.333471981636358e+16
57.0,147.0,4.330488611172829e+16
57.0,153.0,2.4706849744250144e+16
57.0,159.0,2.4923689480773616e+16
57.0,165.0,3.180804318839862e+16
57.0,171.0,2.982515399022161e+16
57.0,177.0,2.164760308869032e+16
63.0,-177.0,2.780779143664329e+16
63.0,-171.0,4.617317940129472e+16
63.0,-165.0,3.5109758452541348e+16
63.0,-159.0,3.611915245583072e+16
63.0,-153.0,4.302470692850641e+16
63.0,-147.0,3.651444884512199e+16
63.0,-141.0,4.598423031545415e+16
63.0,-135.0,3.640956323530357e+16
63.0,-129.0,3.925946730018174e+16
63.0,-123.0,2.7716049498883944e+16
63.0,-117.0,4.959604372665576e+16
63.0,-111.0,3.4801165249619216e+16
63.0,-105.0,2.0639230861235476e+16
63.0,-99.0,2.7583731487301344e+16
63.0,-93.0,4.608591410925624e+16
63.0,-87.0,4.189530504698411e+16
63.0,-81.0,3.4582657320973612e+16
63.0,-75.0,3.937299773252279e+16
63.0,-69.0,4.5079748081189256e+16
63.0,-63.0,3.135471588968745e+16
63.0,-57.0,4.103065773736316e+16
63.0,-51.0,4.970149912312732e+16
63.0,-45.0,3.299338985238572e+16
63.0,-39.0,3.298169707640257e+16
63.0,-33.0,4.9519277320142024e+16
63.0,-27.0,2.168607948829471e+16
63.0,-21.0,4.31502224595913e+16
63.0,-15.0,5.0321032776264776e+16
63.0,-9.0,3.5763357423867692e+16
63.0,-3.0,4.59986845407828e+16
63.0,3.0,2.679139700551047e+16
63.0,9.0,4.621136093657528e+16
63.0,15.0,3.037347433862546e+16
63.0,21.0,4.100317254785766e+16
63.0,27.0,2.210632348978873e+16
63.0,33.0,4.504220949017547e+16
63.0,39.0,4.518292643496997e+16
63.0,45.0,4.422612442565667e+16
63.0,51.0,2.321800756999675e+16
63.0,57.0,4.143460756093195e+16
63.0,63.0,3.031535636040229e+16
63.0,69.0,4.852493450445466e+16
63.0,75.0,3.2667760795847284e+16
63.0,81.0,2.311739365780205e+16
63.0,87.0,2.9608893814028944e+16
63.0,93.0,2.2552962673133996e+16
63.0,99.0,3.667089972484373e+16
63.0,105.0,3.668326903684982e+16
63.0,111.0,2.2757723976505228e+16
63.0,117.0,2.472296228928131e+16
63.0,123.0,5.105526852278149e+16
63.0,129.0,3.208848156861001e+16
63.0,135.0,3.5996689402621944e+16
63.0,141.0,4.672011177111682e+16
63.0,147.0,2.2957568670251172e+16
63.0,153.0,4.19519822075644e+16
63.0,159.0,2.344444252125989e+16
63.0,165.0,4.817034164078076e+16
63.0,171.0,3.3732914203536852e+16
63.0,177.0,3.734615436898053e+16
69.0,-177.0,3.1809108062019304e+16
69.0,-171.0,4.118809300842605e+16
69.0,-165.0,4.833412612456239e+16
69.0,-159.0,4.552548504611875e+16
69.0,-153.0,3.0172038254374584e+16
69.0,-147.0,3.679083618517037e+16
69.0,-141.0,4.014593830188437e+16
69.0,-135.0,4.255973748124837e+16
69.0,-129.0,2.5092050418786396e+16
69.0,-123.0,2.6137348595978416e+16
69.0,-117.0,3.3755432723207464e+16
69.0,-111.0,4.849832097335816e+16
69.0,-105.0,5.1786698072040504e+16
69.0,-99.0,4.925859481361768e+16
69.0,-93.0,4.243607076287356e+16
69.0,-87.0,2.7458624301354236e+16
69.0,-81.0,4.631925912484098e+16
69.0,-75.0,4.331527030661699e+16
69.0,-69.0,3.923880586233129e+16
69.0,-63.0,5.082686826917663e+16
69.0,-57.0,4.021978998594616e+16
69.0,-51.0,3.58512726682913e+16
69.0,-45.0,3.4074820571268236e+16
69.0,-39.0,4.1104994798885e+16
69.0,-33.0,2.9470503833827704e+16
69.0,-27.0,3.480954304556191e+16
69.0,-21.0,3.72283800950909e+16
69.0,-15.0,2.997405113365955e+16
69.0,-9.0,5.17502475378294e+16
69.0,-3.0,2.332212081133033e+16
69.0,3.0,4.737249078388626e+16
69.0,9.0,4.335700352796247e+16
69.0,15.0,4.804303481570187e+16
69.0,21.0,4.574668363544635e+16
69.0,27.0,4.721578347244101e+16
69.0,33.0,3.4793094393968656e+16
69.0,39.0,3.071973581968148e+16
69.0,45.0,4.113331869043928e+16
69.0,51.0,2.85146347318648e+16
69.0,57.0,4.67664775007242e+16
69.0,63.0,2.410860171865596e+16
69.0,69.0,3.7528360877084376e+16
69.0,75.0,2.3531832502644964e+16
69.0,81.0,2.89925392582008e+16
69.0,87.0,3.358947670523427e+16
69.0,93.0,2.9633322108263204e+16
69.0,99.0,3.295288755607212e+16
69.0,105.0,4.109539676222783e+16
69.0,111.0,3.936680831119706e+16
69.0,117.0,3.1800066067731412e+16
69.0,123.0,5.098792560963915e+16
69.0,129.0,2.530296366227772e+16
69.0,135.0,2.967925961141825e+16
69.0,141.0,4.085820373941602e+16
69.0,147.0,2.8829238254460616e+16
69.0,153.0,5.026590244769374e+16
69.0,159.0,2.4882443251264324e+16
69.0,165.0,3.8822561813977864e+16
69.0,171.0,4.589295893720427e+16
69.0,177.0,4.849813136937626e+16
75.0,-177.0,4.514647056106829e+16
75.0,-171.0,2.655864783087663e+16
75.0,-165.0,2.4046022966847416e+16
75.0,-159.0,5.06010941615448e+16
75.0,-153.0,2.9312761384212444e+16
75.0,-147.0,4.312304758214785e+16
75.0,-141.0,4.570706345973386e+16
75.0,-135.0,4.537353806536056e+16
75.0,-129.0,4.858275017149805e+16
75.0,-123.0,3.4441728934091336e+16
75.0,-117.0,3.188252284387421e+16
75.0,-111.0,4.956641372387972e+16
75.0,-105.0,2.777248243288727e+16
75.0,-99.0,4.4625414913123416e+16
75.0,-93.0,3.962242756845183e+16
75.0,-87.0,2.733959344067991e+16
75.0,-81.0,3.092101690313975e+16
75.0,-75.0,2.742889265427686e+16
75.0,-69.0,4.704741399182393e+16
75.0,-63.0,4.9827816103348824e+16
75.0,-57.0,2.6997800095444504e+16
75.0,-51.0,3.741935218066056e+16
75.0,-45.0,5.21109815161319e+16
75.0,-39.0,4.149528279386346e+16
75.0,-33.0,5.005321180084523e+16
75.0,-27.0,4.196086844208907e+16
75.0,-21.0,2.7215531450810784e+16
75.0,-15.0,5.073109058609549e+16
75.0,-9.0,3.757755807237132e+16
75.0,-3.0,4.6951275950590936e+16
75.0,3.0,3.5455955673967676e+16
75.0,9.0,3.142424712971624e+16
75.0,15.0,2.7133593963008284e+16
75.0,21.0,4.488758592788184e+16
75.0,27.0,3.980364263851095e+16
75.0,33.0,4.130701419375043e+16
75.0,39.0,3.012465320273016e+16
75.0,45.0,5.1381875638691e+16
75.0,51.0,3.767567202315821e+16
75.0,57.0,4.098217016303079e+16
75.0,63.0,2.8797925221218068e+16
75.0,69.0,4.863235954397339e+16
75.0,75.0,4.1836228137066184e+16
75.0,81.0,4.707531979142781e+16
75.0,87.0,4.265006641745493e+16
75.0,93.0,2.606732172814959e+16
75.0,99.0,2.791078889429249e+16
75.0,105.0,2.6610612978736584e+16
75.0,111.0,4.501897443714918e+16
75.0,117.0,3.611939975376179e+16
75.0,123.0,4.048212469060426e+16
75.0,129.0,4.396400352825284e+16
75.0,135.0,2.332557410262655e+16
75.0,141.0,3.672400553701167e+16
75.0,147.0,3.125046602238294e+16
75.0,153.0,3.9229514491443384e+16
75.0,159.0,2.802857221932757e+16
75.0,165.0,2.0373420362137708e+16
75.0,171.0,2.6805160182154584e+16
75.0,177.0,3.421482010833263e+16
81.0,-177.0,3.495530681234256e+16
81.0,-171.0,2.831405882338603e+16
81.0,-165.0,3.040834939967405e+16
81.0,-159.0,2.522626209609895e+16
81.0,-153.0,4.916354582108186e+16
81.0,-147.0,3.205554627780044e+16
81.0,-141.0,2.688361112256367e+16
81.0,-135.0,4.516258021159454e+16
81.0,-129.0,3.906380801935459e+16
81.0,-123.0,5.2208548238457544e+16
81.0,-117.0,2.458354755961663e+16
81.0,-111.0,3.734500280189919e+16
81.0,-105.0,4.246793659572808e+16
81.0,-99.0,4.137074818962656e+16
81.0,-93.0,3.244610391740879e+16
81.0,-87.0,3.131821872674917e+16
81.0,-81.0,3.6860153386658056e+16
81.0,-75.0,2.47002216111921e+16
81.0,-69.0,2.7259725046138664e+16
81.0,-63.0,3.1256676674614664e+16
81.0,-57.0,4.711700359799112e+16
81.0,-51.0,3.0063143805260176e+16
81.0,-45.0,3.478555937456665e+16
81.0,-39.0,2.3607171124699108e+16
81.0,-33.0,3.5295809595920256e+16
81.0,-27.0,4.382830321829976e+16
81.0,-21.0,3.4087818695450176e+16
81.0,-15.0,3.3991879045193024e+16
81.0,-9.0,3.343945010337896e+16
81.0,-3.0,4.844104969520093e+16
81.0,3.0,4.631598537164136e+16
81.0,9.0,3.2119998543121416e+16
81.0,15.0,3.703504090731726e+16
81.0,21.0,3.040832913675831e+16
81.0,27.0,2.8668825493545104e+16
81.0,33.0,4.063380762335732e+16
81.0,39.0,4.32184779315375e+16
81.0,45.0,3.969746904060349e+16
81.0,51.0,5.058823867594116e+16
81.0,57.0,4.689285807897531e+16
81.0,63.0,4.430249850551393e+16
81.0,69.0,5.124472496733096e+16
81.0,75.0,5.200636655701851e+16
81.0,81.0,3.456363801827262e+16
81.0,87.0,4.649914297072387e+16
81.0,93.0,3.987516314017566e+16
81.0,99.0,4.421879604763446e+16
81.0,105.0,5.133560536769861e+16
81.0,111.0,3.5373663575685384e+16
81.0,117.0,4.5333235575941944e+16
81.0,123.0,2.7448217991989464e+16
81.0,129.0,4.096014658076347e+16
81.0,135.0,4.629396262472912e+16
81.0,141.0,3.713849035313981e+16
81.0,147.0,4.48885983765995e+16
81.0,153.0,3.776004440341497e+16
81.0,159.0,4.397375780598822e+16
81.0,165.0,3.0581150300187988e+16
81.0,171.0,2.486888739947112e+16
81.0,177.0,2.766238177393188e+16
87.0,-177.0,3.3287368669858396e+16
87.0,-171.0,3.182815235751946e+16
87.0,-165.0,2.4076693926367816e+16
87.0,-159.0,4.1843677655855864e+16
87.0,-153.0,3.182974624705371e+16
87.0,-147.0,2.5093092985319056e+16
87.0,-141.0,5.012690994970422e+16
87.0,-135.0,3.908847620227568e+16
87.0,-129.0,2.208482742458957e+16
87.0,-123.0,3.1437877746948564e+16
87.0,-117.0,2.326659636735673e+16
87.0,-111.0,4.7831599746896584e+16
87.0,-105.0,4.567695455997139e+16
87.0,-99.0,4.741384838362296e+16
87.0,-93.0,5.030659204800526e+16
87.0,-87.0,3.1066732200424316e+16
87.0,-81.0,3.4982740755132292e+16
87.0,-75.0,4.175562723370396e+16
87.0,-69.0,2.503485567697694e+16
87.0,-63.0,4.964732617492553e+16
87.0,-57.0,3.913781527679886e+16
87.0,-51.0,2.808229307641189e+16
87.0,-45.0,4.279478902147309e+16
87.0,-39.0,4.822736224199569e+16
87.0,-33.0,4.251181463751978e+16
87.0,-27.0,4.6331474166048504e+16
87.0,-21.0,3.706761115533942e+16
87.0,-15.0,5.16179294880195e+16
87.0,-9.0,4.704282961118495e+16
87.0,-3.0,2.949944289932215e+16
87.0,3.0,5.21845544910312e+16
87.0,9.0,3.601046512653017e+16
87.0,15.0,4.3818555202147256e+16
87.0,21.0,3.4881681920897496e+16
87.0,27.0,2.905293956267565e+16
87.0,33.0,3.2026558128116572e+16
87.0,39.0,2.951458050553332e+16
87.0,45.0,5.2077079528831784e+16
87.0,51.0,3.500939634565508e+16
87.0,57.0,3.400586401820967e+16
87.0,63.0,3.243976925084887e+16
87.0,69.0,4.594651229689975e+16
87.0,75.0,2.789444680712401e+16
87.0,81.0,3.962743339488047e+16
87.0,87.0,4.5707593878975176e+16
87.0,93.0,2.6029322981843376e+16
87.0,99.0,3.849392177125879e+16
87.0,105.0,2.5072320569427056e+16
87.0,111.0,5.080521769803207e+16
87.0,117.0,2.806630073499918e+16
87.0,123.0,2.8822908397989296e+16
87.0,129.0,4.674733167815994e+16
87.0,135.0,4.07887252078662e+16
87.0,141.0,4.161475359974398e+16
87.0,147.0,2.3825316901917988e+16
87.0,153.0,5.163479845908131e+16
87.0,159.0,5.1662988803098296e+16
87.0,165.0,2.849678734449172e+16
87.0,171.0,4.449621696286905e+16
87.0,177.0,2.968899737086507e+16
